drug_id,drug_name,drug_uid,fda_status,created_at,updated_at
1,(5Z)-7-Oxozeaenol,PDBC49300,0,"""1970-01-02 00:00:00""","""1970-01-02 00:00:00"""
2,16-beta-bromoandrosterone,PDBC47722,0,"""1970-01-02 00:00:00""","""1970-01-02 00:00:00"""
3,17-AAG,PDBC00026,0,"""1970-01-02 00:00:00""","""1970-01-02 00:00:00"""
4,"1S,3R-RSL-3",PDBC47565,0,"""1970-01-02 00:00:00""","""1970-01-02 00:00:00"""
5,3-Cl-AHPC,PDBC49153,0,"""1970-01-02 00:00:00""","""1970-01-02 00:00:00"""
6,5-FdUR,PDBC49332,0,"""1970-01-02 00:00:00""","""1970-01-02 00:00:00"""
7,5-FU,PDBC01017,1,"""1970-01-02 00:00:00""","""1970-01-02 00:00:00"""
8,681640,PDBC00040,0,"""1970-01-02 00:00:00""","""1970-01-02 00:00:00"""
9,968,PDBC49064,1,"""1970-01-02 00:00:00""","""1970-01-02 00:00:00"""
10,A-443654,PDBC00133,0,"""1970-01-02 00:00:00""","""1970-01-02 00:00:00"""
11,A-770041,PDBC00123,0,"""1970-01-02 00:00:00""","""1970-01-02 00:00:00"""
12,A-804598,PDBC49192,0,"""1970-01-02 00:00:00""","""1970-01-02 00:00:00"""
13,AA-COCF3,PDBC47519,0,"""1970-01-02 00:00:00""","""1970-01-02 00:00:00"""
14,abiraterone,PDBC46875,1,"""1970-01-02 00:00:00""","""1970-01-02 00:00:00"""
15,ABT-199,PDBC49194,0,"""1970-01-02 00:00:00""","""1970-01-02 00:00:00"""
16,ABT-263,PDBC00011,0,"""1970-01-02 00:00:00""","""1970-01-02 00:00:00"""
17,ABT-737,PDBC47630,0,"""1970-01-02 00:00:00""","""1970-01-02 00:00:00"""
18,ABT-888,PDBC00018,0,"""1970-01-02 00:00:00""","""1970-01-02 00:00:00"""
19,AC220,PDBC49048,0,"""1970-01-02 00:00:00""","""1970-01-02 00:00:00"""
20,AC55649,PDBC47714,0,"""1970-01-02 00:00:00""","""1970-01-02 00:00:00"""
21,AEW541,PDBC00140,0,"""1970-01-02 00:00:00""","""1970-01-02 00:00:00"""
22,AG-014699,PDBC00065,0,"""1970-01-02 00:00:00""","""1970-01-02 00:00:00"""
23,AG1478,PDBC34995,0,"""1970-01-02 00:00:00""","""1970-01-02 00:00:00"""
24,AGK-2,PDBC47582,0,"""1970-01-02 00:00:00""","""1970-01-02 00:00:00"""
25,AICAR,PDBC00002,0,"""1970-01-02 00:00:00""","""1970-01-02 00:00:00"""
26,"""AKT inhibitor VIII""",PDBC00086,0,"""1970-01-02 00:00:00""","""1970-01-02 00:00:00"""
27,alisertib,PDBC49044,0,"""1970-01-02 00:00:00""","""1970-01-02 00:00:00"""
28,"""alisertib:navitoclax (2:1 mol/mol)""",PDBC49120,0,"""1970-01-02 00:00:00""","""1970-01-02 00:00:00"""
29,alvocidib,PDBC49225,0,"""1970-01-02 00:00:00""","""1970-01-02 00:00:00"""
30,AM-580,PDBC07741,0,"""1970-01-02 00:00:00""","""1970-01-02 00:00:00"""
31,AMG-706,PDBC00028,0,"""1970-01-02 00:00:00""","""1970-01-02 00:00:00"""
32,AP-24534,PDBC00078,1,"""1970-01-02 00:00:00""","""1970-01-02 00:00:00"""
33,apicidin,PDBC48963,0,"""1970-01-02 00:00:00""","""1970-01-02 00:00:00"""
34,AR-42,PDBC49253,0,"""1970-01-02 00:00:00""","""1970-01-02 00:00:00"""
35,AS-252424,PDBC47440,0,"""1970-01-02 00:00:00""","""1970-01-02 00:00:00"""
36,AS601245,PDBC00107,0,"""1970-01-02 00:00:00""","""1970-01-02 00:00:00"""
37,AS605240,PDBC49269,0,"""1970-01-02 00:00:00""","""1970-01-02 00:00:00"""
38,AT-406,PDBC49205,0,"""1970-01-02 00:00:00""","""1970-01-02 00:00:00"""
39,AT-7519,PDBC49275,0,"""1970-01-02 00:00:00""","""1970-01-02 00:00:00"""
40,AT13387,PDBC49231,0,"""1970-01-02 00:00:00""","""1970-01-02 00:00:00"""
41,AT7867,PDBC49180,0,"""1970-01-02 00:00:00""","""1970-01-02 00:00:00"""
42,ATRA,PDBC00009,1,"""1970-01-02 00:00:00""","""1970-01-02 00:00:00"""
43,"""austocystin d""",PDBC37768,0,"""1970-01-02 00:00:00""","""1970-01-02 00:00:00"""
44,AUY922,PDBC00100,0,"""1970-01-02 00:00:00""","""1970-01-02 00:00:00"""
45,"""avicin D""",PDBC49235,0,"""1970-01-02 00:00:00""","""1970-01-02 00:00:00"""
46,avrainvillamide,PDBC47528,0,"""1970-01-02 00:00:00""","""1970-01-02 00:00:00"""
47,Axitinib,PDBC00021,1,"""1970-01-02 00:00:00""","""1970-01-02 00:00:00"""
48,AZ-3146,PDBC49069,0,"""1970-01-02 00:00:00""","""1970-01-02 00:00:00"""
49,AZ628,PDBC00108,0,"""1970-01-02 00:00:00""","""1970-01-02 00:00:00"""
50,azacitidine,PDBC47859,1,"""1970-01-02 00:00:00""","""1970-01-02 00:00:00"""
51,AZD-2281,PDBC00017,1,"""1970-01-02 00:00:00""","""1970-01-02 00:00:00"""
52,AZD-7545,PDBC47620,0,"""1970-01-02 00:00:00""","""1970-01-02 00:00:00"""
53,AZD0530,PDBC00115,0,"""1970-01-02 00:00:00""","""1970-01-02 00:00:00"""
54,AZD1480,PDBC49509,0,"""1970-01-02 00:00:00""","""1970-01-02 00:00:00"""
55,AZD4547,PDBC49131,0,"""1970-01-02 00:00:00""","""1970-01-02 00:00:00"""
56,AZD6244,PDBC00053,0,"""1970-01-02 00:00:00""","""1970-01-02 00:00:00"""
57,AZD6482,PDBC00054,0,"""1970-01-02 00:00:00""","""1970-01-02 00:00:00"""
58,AZD7762,PDBC00022,0,"""1970-01-02 00:00:00""","""1970-01-02 00:00:00"""
59,AZD8055,PDBC00049,0,"""1970-01-02 00:00:00""","""1970-01-02 00:00:00"""
60,B02,PDBC47530,0,"""1970-01-02 00:00:00""","""1970-01-02 00:00:00"""
61,"""bafilomycin A1""",PDBC49238,0,"""1970-01-02 00:00:00""","""1970-01-02 00:00:00"""
62,Baicalein,PDBC44298,0,"""1970-01-02 00:00:00""","""1970-01-02 00:00:00"""
63,barasertib,PDBC49177,0,"""1970-01-02 00:00:00""","""1970-01-02 00:00:00"""
64,"""bardoxolone methyl""",PDBC40947,0,"""1970-01-02 00:00:00""","""1970-01-02 00:00:00"""
65,"""Bax channel blocker""",PDBC47468,0,"""1970-01-02 00:00:00""","""1970-01-02 00:00:00"""
66,"""BAY 61-3606""",PDBC00092,0,"""1970-01-02 00:00:00""","""1970-01-02 00:00:00"""
67,BCL-LZH-4,PDBC49232,0,"""1970-01-02 00:00:00""","""1970-01-02 00:00:00"""
68,BEC,PDBC47623,1,"""1970-01-02 00:00:00""","""1970-01-02 00:00:00"""
69,belinostat,PDBC43882,1,"""1970-01-02 00:00:00""","""1970-01-02 00:00:00"""
70,bendamustine,PDBC48977,1,"""1970-01-02 00:00:00""","""1970-01-02 00:00:00"""
71,"""betulinic acid""",PDBC48614,0,"""1970-01-02 00:00:00""","""1970-01-02 00:00:00"""
72,Bexarotene,PDBC00097,1,"""1970-01-02 00:00:00""","""1970-01-02 00:00:00"""
73,BHG712,PDBC49260,0,"""1970-01-02 00:00:00""","""1970-01-02 00:00:00"""
74,BI-2536,PDBC00127,0,"""1970-01-02 00:00:00""","""1970-01-02 00:00:00"""
75,BIBR-1532,PDBC47510,0,"""1970-01-02 00:00:00""","""1970-01-02 00:00:00"""
76,BIBW2992,PDBC00031,1,"""1970-01-02 00:00:00""","""1970-01-02 00:00:00"""
77,Bicalutamide,PDBC00074,1,"""1970-01-02 00:00:00""","""1970-01-02 00:00:00"""
78,bid1870,PDBC49243,0,"""1970-01-02 00:00:00""","""1970-01-02 00:00:00"""
79,"""BIRB 0796""",PDBC00038,0,"""1970-01-02 00:00:00""","""1970-01-02 00:00:00"""
80,birinapant,PDBC49151,0,"""1970-01-02 00:00:00""","""1970-01-02 00:00:00"""
81,BIX-01294,PDBC47571,0,"""1970-01-02 00:00:00""","""1970-01-02 00:00:00"""
82,BIX02189,PDBC49296,0,"""1970-01-02 00:00:00""","""1970-01-02 00:00:00"""
83,blebbistatin,PDBC47491,0,"""1970-01-02 00:00:00""","""1970-01-02 00:00:00"""
84,Bleomycin,PDBC00098,0,"""1970-01-02 00:00:00""","""1970-01-02 00:00:00"""
85,BMS-195614,PDBC49103,0,"""1970-01-02 00:00:00""","""1970-01-02 00:00:00"""
86,BMS-270394,PDBC49130,0,"""1970-01-02 00:00:00""","""1970-01-02 00:00:00"""
87,BMS-345541,PDBC49174,0,"""1970-01-02 00:00:00""","""1970-01-02 00:00:00"""
88,BMS-509744,PDBC00129,0,"""1970-01-02 00:00:00""","""1970-01-02 00:00:00"""
89,BMS-536924,PDBC00128,0,"""1970-01-02 00:00:00""","""1970-01-02 00:00:00"""
90,BMS-708163,PDBC00057,0,"""1970-01-02 00:00:00""","""1970-01-02 00:00:00"""
91,BMS-754807,PDBC00095,0,"""1970-01-02 00:00:00""","""1970-01-02 00:00:00"""
92,Bortezomib,PDBC00037,1,"""1970-01-02 00:00:00""","""1970-01-02 00:00:00"""
93,Bosutinib,PDBC00019,1,"""1970-01-02 00:00:00""","""1970-01-02 00:00:00"""
94,BRD-A02303741,PDBC49056,0,"""1970-01-02 00:00:00""","""1970-01-02 00:00:00"""
95,"""BRD-A02303741:carboplatin (1:1 mol/mol)""",PDBC49117,0,"""1970-01-02 00:00:00""","""1970-01-02 00:00:00"""
96,"""BRD-A02303741:navitoclax (2:1 mol/mol)""",PDBC49114,0,"""1970-01-02 00:00:00""","""1970-01-02 00:00:00"""
97,BRD-A05715709,PDBC49215,0,"""1970-01-02 00:00:00""","""1970-01-02 00:00:00"""
98,BRD-A71883111,PDBC49080,0,"""1970-01-02 00:00:00""","""1970-01-02 00:00:00"""
99,BRD-A86708339,PDBC49227,0,"""1970-01-02 00:00:00""","""1970-01-02 00:00:00"""
100,BRD-A94377914,PDBC48964,0,"""1970-01-02 00:00:00""","""1970-01-02 00:00:00"""
101,BRD-K01737880,PDBC49237,0,"""1970-01-02 00:00:00""","""1970-01-02 00:00:00"""
102,BRD-K02251932,PDBC49008,0,"""1970-01-02 00:00:00""","""1970-01-02 00:00:00"""
103,BRD-K02492147,PDBC48994,0,"""1970-01-02 00:00:00""","""1970-01-02 00:00:00"""
104,BRD-K03536150,PDBC49162,0,"""1970-01-02 00:00:00""","""1970-01-02 00:00:00"""
105,BRD-K03911514,PDBC49141,0,"""1970-01-02 00:00:00""","""1970-01-02 00:00:00"""
106,BRD-K04800985,PDBC49000,0,"""1970-01-02 00:00:00""","""1970-01-02 00:00:00"""
107,BRD-K07442505,PDBC49104,0,"""1970-01-02 00:00:00""","""1970-01-02 00:00:00"""
108,BRD-K09344309,PDBC49183,0,"""1970-01-02 00:00:00""","""1970-01-02 00:00:00"""
109,BRD-K09587429,PDBC49164,0,"""1970-01-02 00:00:00""","""1970-01-02 00:00:00"""
110,BRD-K11533227,PDBC48984,0,"""1970-01-02 00:00:00""","""1970-01-02 00:00:00"""
111,BRD-K13185470,PDBC49159,0,"""1970-01-02 00:00:00""","""1970-01-02 00:00:00"""
112,BRD-K13999467,PDBC48990,0,"""1970-01-02 00:00:00""","""1970-01-02 00:00:00"""
113,BRD-K14844214,PDBC48986,0,"""1970-01-02 00:00:00""","""1970-01-02 00:00:00"""
114,BRD-K16130065,PDBC49142,0,"""1970-01-02 00:00:00""","""1970-01-02 00:00:00"""
115,BRD-K16147474,PDBC49012,0,"""1970-01-02 00:00:00""","""1970-01-02 00:00:00"""
116,BRD-K17060750,PDBC49019,0,"""1970-01-02 00:00:00""","""1970-01-02 00:00:00"""
117,BRD-K19103580,PDBC49002,0,"""1970-01-02 00:00:00""","""1970-01-02 00:00:00"""
118,BRD-K20514654,PDBC49052,0,"""1970-01-02 00:00:00""","""1970-01-02 00:00:00"""
119,BRD-K24690302,PDBC49050,0,"""1970-01-02 00:00:00""","""1970-01-02 00:00:00"""
120,BRD-K26531177,PDBC49173,0,"""1970-01-02 00:00:00""","""1970-01-02 00:00:00"""
121,BRD-K27188169,PDBC49155,0,"""1970-01-02 00:00:00""","""1970-01-02 00:00:00"""
122,"""BRD-K27188169:navitoclax (2:1 mol/mol)""",PDBC49161,0,"""1970-01-02 00:00:00""","""1970-01-02 00:00:00"""
123,BRD-K27224038,PDBC48985,0,"""1970-01-02 00:00:00""","""1970-01-02 00:00:00"""
124,BRD-K27986637,PDBC49016,0,"""1970-01-02 00:00:00""","""1970-01-02 00:00:00"""
125,BRD-K28456706,PDBC49053,0,"""1970-01-02 00:00:00""","""1970-01-02 00:00:00"""
126,BRD-K29086754,PDBC49013,0,"""1970-01-02 00:00:00""","""1970-01-02 00:00:00"""
127,BRD-K29313308,PDBC49041,0,"""1970-01-02 00:00:00""","""1970-01-02 00:00:00"""
128,BRD-K30019337,PDBC49003,0,"""1970-01-02 00:00:00""","""1970-01-02 00:00:00"""
129,BRD-K30748066,PDBC49242,0,"""1970-01-02 00:00:00""","""1970-01-02 00:00:00"""
130,BRD-K33199242,PDBC49014,0,"""1970-01-02 00:00:00""","""1970-01-02 00:00:00"""
131,BRD-K33514849,PDBC49236,0,"""1970-01-02 00:00:00""","""1970-01-02 00:00:00"""
132,BRD-K34099515,PDBC49059,0,"""1970-01-02 00:00:00""","""1970-01-02 00:00:00"""
133,BRD-K34222889,PDBC49163,0,"""1970-01-02 00:00:00""","""1970-01-02 00:00:00"""
134,BRD-K34485477,PDBC49011,0,"""1970-01-02 00:00:00""","""1970-01-02 00:00:00"""
135,BRD-K35604418,PDBC49105,0,"""1970-01-02 00:00:00""","""1970-01-02 00:00:00"""
136,BRD-K37390332,PDBC49017,0,"""1970-01-02 00:00:00""","""1970-01-02 00:00:00"""
137,BRD-K41334119,PDBC49010,0,"""1970-01-02 00:00:00""","""1970-01-02 00:00:00"""
138,BRD-K41597374,PDBC48988,0,"""1970-01-02 00:00:00""","""1970-01-02 00:00:00"""
139,BRD-K42260513,PDBC49224,0,"""1970-01-02 00:00:00""","""1970-01-02 00:00:00"""
140,BRD-K44224150,PDBC49005,0,"""1970-01-02 00:00:00""","""1970-01-02 00:00:00"""
141,BRD-K45681478,PDBC48968,0,"""1970-01-02 00:00:00""","""1970-01-02 00:00:00"""
142,BRD-K48334597,PDBC48998,0,"""1970-01-02 00:00:00""","""1970-01-02 00:00:00"""
143,BRD-K48477130,PDBC49213,0,"""1970-01-02 00:00:00""","""1970-01-02 00:00:00"""
144,BRD-K49290616,PDBC48993,0,"""1970-01-02 00:00:00""","""1970-01-02 00:00:00"""
145,BRD-K50799972,PDBC49018,0,"""1970-01-02 00:00:00""","""1970-01-02 00:00:00"""
146,BRD-K51490254,PDBC49032,0,"""1970-01-02 00:00:00""","""1970-01-02 00:00:00"""
147,BRD-K51831558,PDBC49221,0,"""1970-01-02 00:00:00""","""1970-01-02 00:00:00"""
148,BRD-K52037352,PDBC49015,0,"""1970-01-02 00:00:00""","""1970-01-02 00:00:00"""
149,BRD-K55116708,PDBC49009,0,"""1970-01-02 00:00:00""","""1970-01-02 00:00:00"""
150,BRD-K55473186,PDBC49208,0,"""1970-01-02 00:00:00""","""1970-01-02 00:00:00"""
151,BRD-K58730230,PDBC49154,0,"""1970-01-02 00:00:00""","""1970-01-02 00:00:00"""
152,BRD-K61166597,PDBC48975,0,"""1970-01-02 00:00:00""","""1970-01-02 00:00:00"""
153,BRD-K63431240,PDBC48989,0,"""1970-01-02 00:00:00""","""1970-01-02 00:00:00"""
154,BRD-K64610608,PDBC49007,0,"""1970-01-02 00:00:00""","""1970-01-02 00:00:00"""
155,BRD-K66453893,PDBC48983,0,"""1970-01-02 00:00:00""","""1970-01-02 00:00:00"""
156,BRD-K66532283,PDBC48981,0,"""1970-01-02 00:00:00""","""1970-01-02 00:00:00"""
157,BRD-K70511574,PDBC49051,0,"""1970-01-02 00:00:00""","""1970-01-02 00:00:00"""
158,BRD-K71781559,PDBC48996,0,"""1970-01-02 00:00:00""","""1970-01-02 00:00:00"""
159,BRD-K71935468,PDBC48962,0,"""1970-01-02 00:00:00""","""1970-01-02 00:00:00"""
160,BRD-K75293299,PDBC49006,0,"""1970-01-02 00:00:00""","""1970-01-02 00:00:00"""
161,BRD-K78574327,PDBC49001,0,"""1970-01-02 00:00:00""","""1970-01-02 00:00:00"""
162,BRD-K79669418,PDBC49078,0,"""1970-01-02 00:00:00""","""1970-01-02 00:00:00"""
163,BRD-K80183349,PDBC48980,0,"""1970-01-02 00:00:00""","""1970-01-02 00:00:00"""
164,BRD-K84807411,PDBC49004,0,"""1970-01-02 00:00:00""","""1970-01-02 00:00:00"""
165,BRD-K85133207,PDBC49033,0,"""1970-01-02 00:00:00""","""1970-01-02 00:00:00"""
166,BRD-K86535717,PDBC48997,0,"""1970-01-02 00:00:00""","""1970-01-02 00:00:00"""
167,BRD-K88742110,PDBC49029,0,"""1970-01-02 00:00:00""","""1970-01-02 00:00:00"""
168,BRD-K90370028,PDBC49211,0,"""1970-01-02 00:00:00""","""1970-01-02 00:00:00"""
169,BRD-K92856060,PDBC48967,0,"""1970-01-02 00:00:00""","""1970-01-02 00:00:00"""
170,BRD-K94991378,PDBC48959,0,"""1970-01-02 00:00:00""","""1970-01-02 00:00:00"""
171,BRD-K96431673,PDBC48995,0,"""1970-01-02 00:00:00""","""1970-01-02 00:00:00"""
172,BRD-K96970199,PDBC48991,0,"""1970-01-02 00:00:00""","""1970-01-02 00:00:00"""
173,BRD-K97651142,PDBC49076,0,"""1970-01-02 00:00:00""","""1970-01-02 00:00:00"""
174,BRD-K99006945,PDBC49216,0,"""1970-01-02 00:00:00""","""1970-01-02 00:00:00"""
175,BRD-K99584050,PDBC49079,0,"""1970-01-02 00:00:00""","""1970-01-02 00:00:00"""
176,BRD-M00053801,PDBC49210,0,"""1970-01-02 00:00:00""","""1970-01-02 00:00:00"""
177,BRD1812,PDBC47667,0,"""1970-01-02 00:00:00""","""1970-01-02 00:00:00"""
178,BRD1835,PDBC48987,0,"""1970-01-02 00:00:00""","""1970-01-02 00:00:00"""
179,BRD4132,PDBC47699,0,"""1970-01-02 00:00:00""","""1970-01-02 00:00:00"""
180,BRD6340,PDBC47587,0,"""1970-01-02 00:00:00""","""1970-01-02 00:00:00"""
181,BRD8899,PDBC47562,0,"""1970-01-02 00:00:00""","""1970-01-02 00:00:00"""
182,BRD8958,PDBC47655,0,"""1970-01-02 00:00:00""","""1970-01-02 00:00:00"""
183,BRD9647,PDBC47514,0,"""1970-01-02 00:00:00""","""1970-01-02 00:00:00"""
184,BRD9876,PDBC47703,0,"""1970-01-02 00:00:00""","""1970-01-02 00:00:00"""
185,"""BRD9876:MK-1775 (4:1 mol/mol)""",PDBC49241,0,"""1970-01-02 00:00:00""","""1970-01-02 00:00:00"""
186,"""brefeldin A""",PDBC02123,0,"""1970-01-02 00:00:00""","""1970-01-02 00:00:00"""
187,brivanib,PDBC49024,0,"""1970-01-02 00:00:00""","""1970-01-02 00:00:00"""
188,"""Bryostatin 1""",PDBC00101,0,"""1970-01-02 00:00:00""","""1970-01-02 00:00:00"""
189,BX-795,PDBC00034,0,"""1970-01-02 00:00:00""","""1970-01-02 00:00:00"""
190,BX-912,PDBC49254,0,"""1970-01-02 00:00:00""","""1970-01-02 00:00:00"""
191,BYL-719,PDBC49198,0,"""1970-01-02 00:00:00""","""1970-01-02 00:00:00"""
192,C6-ceramide,PDBC48957,0,"""1970-01-02 00:00:00""","""1970-01-02 00:00:00"""
193,cabozantinib,PDBC49172,1,"""1970-01-02 00:00:00""","""1970-01-02 00:00:00"""
194,CAL-101,PDBC49144,0,"""1970-01-02 00:00:00""","""1970-01-02 00:00:00"""
195,Camptothecin,PDBC00003,0,"""1970-01-02 00:00:00""","""1970-01-02 00:00:00"""
196,canertinib,PDBC49021,0,"""1970-01-02 00:00:00""","""1970-01-02 00:00:00"""
197,Carboplatin,PDBC47427,1,"""1970-01-02 00:00:00""","""1970-01-02 00:00:00"""
198,"""carboplatin:etoposide (40:17 mol/mol)""",PDBC49099,0,"""1970-01-02 00:00:00""","""1970-01-02 00:00:00"""
199,"""carboplatin:UNC0638 (2:1 mol/mol)""",PDBC49167,0,"""1970-01-02 00:00:00""","""1970-01-02 00:00:00"""
200,CAY10576,PDBC00138,0,"""1970-01-02 00:00:00""","""1970-01-02 00:00:00"""
201,CAY10594,PDBC47644,0,"""1970-01-02 00:00:00""","""1970-01-02 00:00:00"""
202,CAY10603,PDBC49289,0,"""1970-01-02 00:00:00""","""1970-01-02 00:00:00"""
203,CAY10618,PDBC46987,0,"""1970-01-02 00:00:00""","""1970-01-02 00:00:00"""
204,CBB-1007,PDBC49226,0,"""1970-01-02 00:00:00""","""1970-01-02 00:00:00"""
205,CCT007093,PDBC00055,0,"""1970-01-02 00:00:00""","""1970-01-02 00:00:00"""
206,CCT018159,PDBC00064,0,"""1970-01-02 00:00:00""","""1970-01-02 00:00:00"""
207,CCT036477,PDBC47469,0,"""1970-01-02 00:00:00""","""1970-01-02 00:00:00"""
208,CD-1530,PDBC47569,0,"""1970-01-02 00:00:00""","""1970-01-02 00:00:00"""
209,CD-437,PDBC47576,0,"""1970-01-02 00:00:00""","""1970-01-02 00:00:00"""
210,cediranib,PDBC49212,0,"""1970-01-02 00:00:00""","""1970-01-02 00:00:00"""
211,CEP-701,PDBC00024,0,"""1970-01-02 00:00:00""","""1970-01-02 00:00:00"""
212,ceranib-2,PDBC49062,0,"""1970-01-02 00:00:00""","""1970-01-02 00:00:00"""
213,Cerulenin,PDBC03704,0,"""1970-01-02 00:00:00""","""1970-01-02 00:00:00"""
214,Cetuximab,PDBC49307,1,"""1970-01-02 00:00:00""","""1970-01-02 00:00:00"""
215,CGC-11047,PDBC47451,0,"""1970-01-02 00:00:00""","""1970-01-02 00:00:00"""
216,CGC-11144,PDBC47456,0,"""1970-01-02 00:00:00""","""1970-01-02 00:00:00"""
217,CGP-082996,PDBC00122,0,"""1970-01-02 00:00:00""","""1970-01-02 00:00:00"""
218,CGP-60474,PDBC00121,0,"""1970-01-02 00:00:00""","""1970-01-02 00:00:00"""
219,Ch-55,PDBC07742,0,"""1970-01-02 00:00:00""","""1970-01-02 00:00:00"""
220,CH5424802,PDBC49284,0,"""1970-01-02 00:00:00""","""1970-01-02 00:00:00"""
221,CHEMBL1222381,PDBC47625,0,"""1970-01-02 00:00:00""","""1970-01-02 00:00:00"""
222,CHEMBL374350,PDBC47636,0,"""1970-01-02 00:00:00""","""1970-01-02 00:00:00"""
223,CHIR-99021,PDBC00077,0,"""1970-01-02 00:00:00""","""1970-01-02 00:00:00"""
224,chlorambucil,PDBC47932,1,"""1970-01-02 00:00:00""","""1970-01-02 00:00:00"""
225,CHM-1,PDBC21356,0,"""1970-01-02 00:00:00""","""1970-01-02 00:00:00"""
226,CI-1040,PDBC00015,0,"""1970-01-02 00:00:00""","""1970-01-02 00:00:00"""
227,CI-976,PDBC47702,0,"""1970-01-02 00:00:00""","""1970-01-02 00:00:00"""
228,ciclopirox,PDBC47942,1,"""1970-01-02 00:00:00""","""1970-01-02 00:00:00"""
229,ciclosporin,PDBC05814,0,"""1970-01-02 00:00:00""","""1970-01-02 00:00:00"""
230,CID-5951923,PDBC48972,0,"""1970-01-02 00:00:00""","""1970-01-02 00:00:00"""
231,CIL41,PDBC47511,0,"""1970-01-02 00:00:00""","""1970-01-02 00:00:00"""
232,CIL55,PDBC47606,0,"""1970-01-02 00:00:00""","""1970-01-02 00:00:00"""
233,CIL55A,PDBC47658,0,"""1970-01-02 00:00:00""","""1970-01-02 00:00:00"""
234,CIL56,PDBC47533,0,"""1970-01-02 00:00:00""","""1970-01-02 00:00:00"""
235,CIL70,PDBC47556,0,"""1970-01-02 00:00:00""","""1970-01-02 00:00:00"""
236,cimetidine,PDBC47943,1,"""1970-01-02 00:00:00""","""1970-01-02 00:00:00"""
237,Cisplatin,PDBC00005,1,"""1970-01-02 00:00:00""","""1970-01-02 00:00:00"""
238,clofarabine,PDBC49125,1,"""1970-01-02 00:00:00""","""1970-01-02 00:00:00"""
239,CMK,PDBC00130,0,"""1970-01-02 00:00:00""","""1970-01-02 00:00:00"""
240,COL-3,PDBC49193,0,"""1970-01-02 00:00:00""","""1970-01-02 00:00:00"""
241,"""Compound 1541A""",PDBC47577,0,"""1970-01-02 00:00:00""","""1970-01-02 00:00:00"""
242,"""compound 1B""",PDBC48965,0,"""1970-01-02 00:00:00""","""1970-01-02 00:00:00"""
243,"""Compound 23 citrate""",PDBC47652,0,"""1970-01-02 00:00:00""","""1970-01-02 00:00:00"""
244,"""Compound 7d-cis""",PDBC47645,0,"""1970-01-02 00:00:00""","""1970-01-02 00:00:00"""
245,CP466722,PDBC49297,0,"""1970-01-02 00:00:00""","""1970-01-02 00:00:00"""
246,CP724714,PDBC49295,0,"""1970-01-02 00:00:00""","""1970-01-02 00:00:00"""
247,CR-1-31B,PDBC47564,0,"""1970-01-02 00:00:00""","""1970-01-02 00:00:00"""
248,Crizotinib,PDBC00114,1,"""1970-01-02 00:00:00""","""1970-01-02 00:00:00"""
249,"""crizotinib:PLX-4032 (2:1 mol/mol)""",PDBC49160,0,"""1970-01-02 00:00:00""","""1970-01-02 00:00:00"""
250,"""cucurbitacin I""",PDBC03582,0,"""1970-01-02 00:00:00""","""1970-01-02 00:00:00"""
251,CUDC-101,PDBC49267,0,"""1970-01-02 00:00:00""","""1970-01-02 00:00:00"""
252,Curcumin,PDBC01372,0,"""1970-01-02 00:00:00""","""1970-01-02 00:00:00"""
253,CX-5461,PDBC49294,0,"""1970-01-02 00:00:00""","""1970-01-02 00:00:00"""
254,"""cyanoquinoline 11""",PDBC47498,0,"""1970-01-02 00:00:00""","""1970-01-02 00:00:00"""
255,Cyclopamine,PDBC00084,0,"""1970-01-02 00:00:00""","""1970-01-02 00:00:00"""
256,Cyclophosphamide,PDBC01191,1,"""1970-01-02 00:00:00""","""1970-01-02 00:00:00"""
257,Cytarabine,PDBC00006,0,"""1970-01-02 00:00:00""","""1970-01-02 00:00:00"""
258,"""cytochalasin b""",PDBC03489,0,"""1970-01-02 00:00:00""","""1970-01-02 00:00:00"""
259,dabrafenib,PDBC49229,1,"""1970-01-02 00:00:00""","""1970-01-02 00:00:00"""
260,dacarbazine,PDBC47978,1,"""1970-01-02 00:00:00""","""1970-01-02 00:00:00"""
261,darinaparsin,PDBC47588,0,"""1970-01-02 00:00:00""","""1970-01-02 00:00:00"""
262,Dasatinib,PDBC00119,1,"""1970-01-02 00:00:00""","""1970-01-02 00:00:00"""
263,DBeQ,PDBC48970,0,"""1970-01-02 00:00:00""","""1970-01-02 00:00:00"""
264,decitabine,PDBC48506,1,"""1970-01-02 00:00:00""","""1970-01-02 00:00:00"""
265,"""decitabine:carboplatin (1:1 mol/mol)""",PDBC49169,0,"""1970-01-02 00:00:00""","""1970-01-02 00:00:00"""
266,"""decitabine:navitoclax (2:1 mol/mol)""",PDBC49088,0,"""1970-01-02 00:00:00""","""1970-01-02 00:00:00"""
267,dexamethasone,PDBC00704,1,"""1970-01-02 00:00:00""","""1970-01-02 00:00:00"""
268,dinaciclib,PDBC49219,0,"""1970-01-02 00:00:00""","""1970-01-02 00:00:00"""
269,Disulfiram,PDBC01175,1,"""1970-01-02 00:00:00""","""1970-01-02 00:00:00"""
270,DMOG,PDBC00081,0,"""1970-01-02 00:00:00""","""1970-01-02 00:00:00"""
271,Docetaxel,PDBC00007,1,"""1970-01-02 00:00:00""","""1970-01-02 00:00:00"""
272,"""docetaxel:tanespimycin (2:1 mol/mol)""",PDBC49093,0,"""1970-01-02 00:00:00""","""1970-01-02 00:00:00"""
273,Doxorubicin,PDBC00068,1,"""1970-01-02 00:00:00""","""1970-01-02 00:00:00"""
274,"""doxorubicin:navitoclax (2:1 mol/mol)""",PDBC49118,0,"""1970-01-02 00:00:00""","""1970-01-02 00:00:00"""
275,"""EHT 1864""",PDBC00056,0,"""1970-01-02 00:00:00""","""1970-01-02 00:00:00"""
276,EKB-569,PDBC49282,0,"""1970-01-02 00:00:00""","""1970-01-02 00:00:00"""
277,ELCPK,PDBC47604,0,"""1970-01-02 00:00:00""","""1970-01-02 00:00:00"""
278,Elesclomol,PDBC00030,0,"""1970-01-02 00:00:00""","""1970-01-02 00:00:00"""
279,elocalcitol,PDBC49171,0,"""1970-01-02 00:00:00""","""1970-01-02 00:00:00"""
281,epigallocatechin-3-monogallate,PDBC48956,0,"""1970-01-02 00:00:00""","""1970-01-02 00:00:00"""
282,Epirubicin,PDBC03594,1,"""1970-01-02 00:00:00""","""1970-01-02 00:00:00"""
283,"""Epothilone B""",PDBC00104,0,"""1970-01-02 00:00:00""","""1970-01-02 00:00:00"""
284,erastin,PDBC47471,0,"""1970-01-02 00:00:00""","""1970-01-02 00:00:00"""
285,erismodegib,PDBC49043,0,"""1970-01-02 00:00:00""","""1970-01-02 00:00:00"""
286,"""ERKi II (FR180304)""",PDBC47434,0,"""1970-01-02 00:00:00""","""1970-01-02 00:00:00"""
287,Erlotinib,PDBC00001,1,"""1970-01-02 00:00:00""","""1970-01-02 00:00:00"""
288,"""erlotinib:PLX-4032 (2:1 mol/mol)""",PDBC49149,0,"""1970-01-02 00:00:00""","""1970-01-02 00:00:00"""
289,etomoxir,PDBC47581,0,"""1970-01-02 00:00:00""","""1970-01-02 00:00:00"""
290,etoposide,PDBC00069,1,"""1970-01-02 00:00:00""","""1970-01-02 00:00:00"""
291,ETP-46464,PDBC49195,0,"""1970-01-02 00:00:00""","""1970-01-02 00:00:00"""
292,Everolimus,PDBC44950,1,"""1970-01-02 00:00:00""","""1970-01-02 00:00:00"""
293,EX-527,PDBC47677,0,"""1970-01-02 00:00:00""","""1970-01-02 00:00:00"""
294,Fascaplysin,PDBC09418,0,"""1970-01-02 00:00:00""","""1970-01-02 00:00:00"""
295,FGIN-1-27,PDBC47525,0,"""1970-01-02 00:00:00""","""1970-01-02 00:00:00"""
296,FH535,PDBC00088,0,"""1970-01-02 00:00:00""","""1970-01-02 00:00:00"""
297,fingolimod,PDBC49049,1,"""1970-01-02 00:00:00""","""1970-01-02 00:00:00"""
298,FK866,PDBC47634,0,"""1970-01-02 00:00:00""","""1970-01-02 00:00:00"""
299,fluvastatin,PDBC48078,1,"""1970-01-02 00:00:00""","""1970-01-02 00:00:00"""
300,FMK,PDBC49265,0,"""1970-01-02 00:00:00""","""1970-01-02 00:00:00"""
301,foretinib,PDBC00157,0,"""1970-01-02 00:00:00""","""1970-01-02 00:00:00"""
302,FQI-1,PDBC47495,0,"""1970-01-02 00:00:00""","""1970-01-02 00:00:00"""
303,FQI-2,PDBC47586,0,"""1970-01-02 00:00:00""","""1970-01-02 00:00:00"""
304,FR-180204,PDBC49280,0,"""1970-01-02 00:00:00""","""1970-01-02 00:00:00"""
305,FSC231,PDBC49063,0,"""1970-01-02 00:00:00""","""1970-01-02 00:00:00"""
306,"""FTase inhibitor I""",PDBC47441,0,"""1970-01-02 00:00:00""","""1970-01-02 00:00:00"""
307,FTI-277,PDBC00082,0,"""1970-01-02 00:00:00""","""1970-01-02 00:00:00"""
308,fulvestrant,PDBC47777,1,"""1970-01-02 00:00:00""","""1970-01-02 00:00:00"""
309,"""Fumonisin B1""",PDBC12164,0,"""1970-01-02 00:00:00""","""1970-01-02 00:00:00"""
310,GANT-61,PDBC04253,0,"""1970-01-02 00:00:00""","""1970-01-02 00:00:00"""
311,GDC-0449,PDBC00032,1,"""1970-01-02 00:00:00""","""1970-01-02 00:00:00"""
312,GDC-0879,PDBC49025,0,"""1970-01-02 00:00:00""","""1970-01-02 00:00:00"""
313,GDC-0941,PDBC00048,0,"""1970-01-02 00:00:00""","""1970-01-02 00:00:00"""
314,Gefitinib,PDBC00010,1,"""1970-01-02 00:00:00""","""1970-01-02 00:00:00"""
315,Geldanamycin,PDBC03896,0,"""1970-01-02 00:00:00""","""1970-01-02 00:00:00"""
316,Gemcitabine,PDBC00070,1,"""1970-01-02 00:00:00""","""1970-01-02 00:00:00"""
317,"""Genentech Cpd 10""",PDBC49247,0,"""1970-01-02 00:00:00""","""1970-01-02 00:00:00"""
318,"""Glycyl H1152""",PDBC47436,0,"""1970-01-02 00:00:00""","""1970-01-02 00:00:00"""
319,GMX-1778,PDBC47608,0,"""1970-01-02 00:00:00""","""1970-01-02 00:00:00"""
320,GNF-2,PDBC00120,0,"""1970-01-02 00:00:00""","""1970-01-02 00:00:00"""
321,gossypol,PDBC02151,0,"""1970-01-02 00:00:00""","""1970-01-02 00:00:00"""
322,GSK-1904529A,PDBC00105,0,"""1970-01-02 00:00:00""","""1970-01-02 00:00:00"""
323,"""GSK-3 inhibitor IX""",PDBC48935,0,"""1970-01-02 00:00:00""","""1970-01-02 00:00:00"""
324,GSK-650394,PDBC00091,0,"""1970-01-02 00:00:00""","""1970-01-02 00:00:00"""
325,GSK-J4,PDBC49240,0,"""1970-01-02 00:00:00""","""1970-01-02 00:00:00"""
326,GSK1059615,PDBC00154,0,"""1970-01-02 00:00:00""","""1970-01-02 00:00:00"""
327,GSK1059868,PDBC47453,0,"""1970-01-02 00:00:00""","""1970-01-02 00:00:00"""
328,GSK1070916,PDBC00151,0,"""1970-01-02 00:00:00""","""1970-01-02 00:00:00"""
329,GSK1120212,PDBC00150,1,"""1970-01-02 00:00:00""","""1970-01-02 00:00:00"""
330,GSK1838705,PDBC00158,0,"""1970-01-02 00:00:00""","""1970-01-02 00:00:00"""
331,GSK2119563,PDBC47454,0,"""1970-01-02 00:00:00""","""1970-01-02 00:00:00"""
332,GSK2126458,PDBC47455,0,"""1970-01-02 00:00:00""","""1970-01-02 00:00:00"""
333,GSK2141795,PDBC47450,0,"""1970-01-02 00:00:00""","""1970-01-02 00:00:00"""
334,GSK2636771,PDBC49199,0,"""1970-01-02 00:00:00""","""1970-01-02 00:00:00"""
335,GSK269962A,PDBC00067,0,"""1970-01-02 00:00:00""","""1970-01-02 00:00:00"""
336,GSK4112,PDBC49065,0,"""1970-01-02 00:00:00""","""1970-01-02 00:00:00"""
337,GSK429286A,PDBC49288,0,"""1970-01-02 00:00:00""","""1970-01-02 00:00:00"""
338,GSK461364,PDBC00155,0,"""1970-01-02 00:00:00""","""1970-01-02 00:00:00"""
339,GSK525762A,PDBC49107,0,"""1970-01-02 00:00:00""","""1970-01-02 00:00:00"""
340,GSK690693,PDBC00153,0,"""1970-01-02 00:00:00""","""1970-01-02 00:00:00"""
341,GSK923295,PDBC00152,0,"""1970-01-02 00:00:00""","""1970-01-02 00:00:00"""
342,"""GW 441756""",PDBC00023,0,"""1970-01-02 00:00:00""","""1970-01-02 00:00:00"""
343,GW-2580,PDBC49292,0,"""1970-01-02 00:00:00""","""1970-01-02 00:00:00"""
344,GW-405833,PDBC47529,0,"""1970-01-02 00:00:00""","""1970-01-02 00:00:00"""
345,GW843682X,PDBC00134,0,"""1970-01-02 00:00:00""","""1970-01-02 00:00:00"""
346,HBX-41108,PDBC49202,0,"""1970-01-02 00:00:00""","""1970-01-02 00:00:00"""
347,HC-067047,PDBC49066,0,"""1970-01-02 00:00:00""","""1970-01-02 00:00:00"""
348,HG-5-113-01,PDBC49305,0,"""1970-01-02 00:00:00""","""1970-01-02 00:00:00"""
349,HG-5-88-01,PDBC49313,0,"""1970-01-02 00:00:00""","""1970-01-02 00:00:00"""
350,HG-6-64-1,PDBC49293,0,"""1970-01-02 00:00:00""","""1970-01-02 00:00:00"""
351,"""HLI 373""",PDBC47547,0,"""1970-01-02 00:00:00""","""1970-01-02 00:00:00"""
352,hyperforin,PDBC49132,0,"""1970-01-02 00:00:00""","""1970-01-02 00:00:00"""
353,I-BET-762,PDBC49107,0,"""1970-01-02 00:00:00""","""1970-01-02 00:00:00"""
354,I-BET151,PDBC49402,0,"""1970-01-02 00:00:00""","""1970-01-02 00:00:00"""
355,"""Ibandronate sodium salt""",PDBC47442,0,"""1970-01-02 00:00:00""","""1970-01-02 00:00:00"""
356,ibrutinib,PDBC49190,1,"""1970-01-02 00:00:00""","""1970-01-02 00:00:00"""
357,IC-87114,PDBC48960,0,"""1970-01-02 00:00:00""","""1970-01-02 00:00:00"""
358,ICRF-193,PDBC04069,0,"""1970-01-02 00:00:00""","""1970-01-02 00:00:00"""
359,ifosfamide,PDBC48113,1,"""1970-01-02 00:00:00""","""1970-01-02 00:00:00"""
360,IKK.16,PDBC47432,0,"""1970-01-02 00:00:00""","""1970-01-02 00:00:00"""
361,Imatinib,PDBC00112,1,"""1970-01-02 00:00:00""","""1970-01-02 00:00:00"""
362,importazole,PDBC47462,0,"""1970-01-02 00:00:00""","""1970-01-02 00:00:00"""
363,indisulam,PDBC47548,0,"""1970-01-02 00:00:00""","""1970-01-02 00:00:00"""
364,IOX2,PDBC49298,0,"""1970-01-02 00:00:00""","""1970-01-02 00:00:00"""
365,IPA-3,PDBC00090,0,"""1970-01-02 00:00:00""","""1970-01-02 00:00:00"""
366,IPR-456,PDBC49067,0,"""1970-01-02 00:00:00""","""1970-01-02 00:00:00"""
367,Irinotecan,PDBC00141,1,"""1970-01-02 00:00:00""","""1970-01-02 00:00:00"""
368,isoevodiamine,PDBC47485,0,"""1970-01-02 00:00:00""","""1970-01-02 00:00:00"""
369,isoliquiritigenin,PDBC20468,0,"""1970-01-02 00:00:00""","""1970-01-02 00:00:00"""
370,"""isonicotinohydroxamic acid""",PDBC49184,0,"""1970-01-02 00:00:00""","""1970-01-02 00:00:00"""
371,ISOX,PDBC47657,1,"""1970-01-02 00:00:00""","""1970-01-02 00:00:00"""
372,"""ISOX:bortezomib (250:1 mol/mol)""",PDBC49082,0,"""1970-01-02 00:00:00""","""1970-01-02 00:00:00"""
373,Ispinesib,PDBC47452,0,"""1970-01-02 00:00:00""","""1970-01-02 00:00:00"""
374,"""Ispinesib Mesylate""",PDBC47452,0,"""1970-01-02 00:00:00""","""1970-01-02 00:00:00"""
375,istradefylline,PDBC49222,0,"""1970-01-02 00:00:00""","""1970-01-02 00:00:00"""
376,itraconazole,PDBC47475,1,"""1970-01-02 00:00:00""","""1970-01-02 00:00:00"""
377,IU1,PDBC48973,0,"""1970-01-02 00:00:00""","""1970-01-02 00:00:00"""
378,Ixabepilone,PDBC46739,1,"""1970-01-02 00:00:00""","""1970-01-02 00:00:00"""
379,JNJ-26854165,PDBC00062,0,"""1970-01-02 00:00:00""","""1970-01-02 00:00:00"""
380,"""JNK Inhibitor VIII""",PDBC00039,0,"""1970-01-02 00:00:00""","""1970-01-02 00:00:00"""
381,JNK-9L,PDBC00079,0,"""1970-01-02 00:00:00""","""1970-01-02 00:00:00"""
382,JQ-1,PDBC47628,0,"""1970-01-02 00:00:00""","""1970-01-02 00:00:00"""
383,"""JQ-1:carboplatin (1:1 mol/mol)""",PDBC49109,0,"""1970-01-02 00:00:00""","""1970-01-02 00:00:00"""
384,"""JQ-1:MK-0752 (1:1 mol/mol)""",PDBC49113,0,"""1970-01-02 00:00:00""","""1970-01-02 00:00:00"""
385,"""JQ-1:navitoclax (2:1 mol/mol)""",PDBC49170,0,"""1970-01-02 00:00:00""","""1970-01-02 00:00:00"""
386,"""JQ-1:UNC0638 (2:1 mol/mol)""",PDBC49071,0,"""1970-01-02 00:00:00""","""1970-01-02 00:00:00"""
387,"""JQ-1:vorinostat (2:1 mol/mol)""",PDBC49158,0,"""1970-01-02 00:00:00""","""1970-01-02 00:00:00"""
388,JQ12,PDBC49263,0,"""1970-01-02 00:00:00""","""1970-01-02 00:00:00"""
389,JW-480,PDBC49102,0,"""1970-01-02 00:00:00""","""1970-01-02 00:00:00"""
390,JW-55,PDBC49204,0,"""1970-01-02 00:00:00""","""1970-01-02 00:00:00"""
391,JW-7-24-1,PDBC49290,0,"""1970-01-02 00:00:00""","""1970-01-02 00:00:00"""
392,JW-7-52-1,PDBC00132,0,"""1970-01-02 00:00:00""","""1970-01-02 00:00:00"""
393,JW-74,PDBC49200,0,"""1970-01-02 00:00:00""","""1970-01-02 00:00:00"""
394,KH-CB19,PDBC49186,0,"""1970-01-02 00:00:00""","""1970-01-02 00:00:00"""
395,KHS101,PDBC49156,0,"""1970-01-02 00:00:00""","""1970-01-02 00:00:00"""
396,Ki8751,PDBC49176,0,"""1970-01-02 00:00:00""","""1970-01-02 00:00:00"""
397,KIN001-055,PDBC49261,0,"""1970-01-02 00:00:00""","""1970-01-02 00:00:00"""
398,KIN001-102,PDBC49287,0,"""1970-01-02 00:00:00""","""1970-01-02 00:00:00"""
399,KIN001-135,PDBC00138,0,"""1970-01-02 00:00:00""","""1970-01-02 00:00:00"""
400,KIN001-236,PDBC49273,0,"""1970-01-02 00:00:00""","""1970-01-02 00:00:00"""
401,KIN001-244,PDBC49271,0,"""1970-01-02 00:00:00""","""1970-01-02 00:00:00"""
402,KIN001-260,PDBC49279,0,"""1970-01-02 00:00:00""","""1970-01-02 00:00:00"""
403,KIN001-266,PDBC49285,0,"""1970-01-02 00:00:00""","""1970-01-02 00:00:00"""
404,KIN001-270,PDBC49286,0,"""1970-01-02 00:00:00""","""1970-01-02 00:00:00"""
405,Ko-143,PDBC47649,0,"""1970-01-02 00:00:00""","""1970-01-02 00:00:00"""
406,KPT185,PDBC49187,0,"""1970-01-02 00:00:00""","""1970-01-02 00:00:00"""
407,"""KU 0060648""",PDBC47523,0,"""1970-01-02 00:00:00""","""1970-01-02 00:00:00"""
408,KU-0063794,PDBC49027,0,"""1970-01-02 00:00:00""","""1970-01-02 00:00:00"""
409,KU-55933,PDBC00029,0,"""1970-01-02 00:00:00""","""1970-01-02 00:00:00"""
410,KU-60019,PDBC49138,0,"""1970-01-02 00:00:00""","""1970-01-02 00:00:00"""
411,KW-2449,PDBC49139,0,"""1970-01-02 00:00:00""","""1970-01-02 00:00:00"""
412,KX2-391,PDBC49152,0,"""1970-01-02 00:00:00""","""1970-01-02 00:00:00"""
413,L-685458,PDBC00142,0,"""1970-01-02 00:00:00""","""1970-01-02 00:00:00"""
414,L-779405,PDBC47435,0,"""1970-01-02 00:00:00""","""1970-01-02 00:00:00"""
415,lapatinib,PDBC00066,1,"""1970-01-02 00:00:00""","""1970-01-02 00:00:00"""
416,LAQ824,PDBC00103,0,"""1970-01-02 00:00:00""","""1970-01-02 00:00:00"""
417,LBW242,PDBC00143,0,"""1970-01-02 00:00:00""","""1970-01-02 00:00:00"""
418,LE-135,PDBC47517,0,"""1970-01-02 00:00:00""","""1970-01-02 00:00:00"""
419,lenalidomide,PDBC00020,1,"""1970-01-02 00:00:00""","""1970-01-02 00:00:00"""
420,lenvatinib,PDBC49040,1,"""1970-01-02 00:00:00""","""1970-01-02 00:00:00"""
421,"""leptomycin B""",PDBC49068,0,"""1970-01-02 00:00:00""","""1970-01-02 00:00:00"""
422,Lestaurtinib(CEP-701),PDBC00024,0,"""1970-01-02 00:00:00""","""1970-01-02 00:00:00"""
423,LFM-A13,PDBC00099,0,"""1970-01-02 00:00:00""","""1970-01-02 00:00:00"""
424,linifanib,PDBC49020,0,"""1970-01-02 00:00:00""","""1970-01-02 00:00:00"""
426,lomeguatrib,PDBC49091,0,"""1970-01-02 00:00:00""","""1970-01-02 00:00:00"""
427,lovastatin,PDBC48161,1,"""1970-01-02 00:00:00""","""1970-01-02 00:00:00"""
428,LRRK2-IN-1,PDBC49185,0,"""1970-01-02 00:00:00""","""1970-01-02 00:00:00"""
429,LY-2157299,PDBC49145,0,"""1970-01-02 00:00:00""","""1970-01-02 00:00:00"""
430,LY-2183240,PDBC47591,0,"""1970-01-02 00:00:00""","""1970-01-02 00:00:00"""
431,LY317615,PDBC49257,0,"""1970-01-02 00:00:00""","""1970-01-02 00:00:00"""
432,"""manumycin A""",PDBC47680,0,"""1970-01-02 00:00:00""","""1970-01-02 00:00:00"""
433,"""marinopyrrole A""",PDBC49196,0,"""1970-01-02 00:00:00""","""1970-01-02 00:00:00"""
434,masitinib,PDBC49022,0,"""1970-01-02 00:00:00""","""1970-01-02 00:00:00"""
435,Mdivi-1,PDBC49175,0,"""1970-01-02 00:00:00""","""1970-01-02 00:00:00"""
436,Mebendazole,PDBC05038,1,"""1970-01-02 00:00:00""","""1970-01-02 00:00:00"""
437,Merck60,PDBC47509,0,"""1970-01-02 00:00:00""","""1970-01-02 00:00:00"""
438,Methotrexate,PDBC00008,1,"""1970-01-02 00:00:00""","""1970-01-02 00:00:00"""
439,methylstat,PDBC49197,0,"""1970-01-02 00:00:00""","""1970-01-02 00:00:00"""
440,MG-132,PDBC00137,0,"""1970-01-02 00:00:00""","""1970-01-02 00:00:00"""
441,MGCD-265,PDBC49039,0,"""1970-01-02 00:00:00""","""1970-01-02 00:00:00"""
442,MI-1,PDBC48969,0,"""1970-01-02 00:00:00""","""1970-01-02 00:00:00"""
443,MI-2,PDBC49223,0,"""1970-01-02 00:00:00""","""1970-01-02 00:00:00"""
444,Midostaurin,PDBC00076,1,"""1970-01-02 00:00:00""","""1970-01-02 00:00:00"""
445,Mitomycin-C,PDBC00071,1,"""1970-01-02 00:00:00""","""1970-01-02 00:00:00"""
446,"""MK 1775""",PDBC47626,0,"""1970-01-02 00:00:00""","""1970-01-02 00:00:00"""
447,MK-0752,PDBC49134,0,"""1970-01-02 00:00:00""","""1970-01-02 00:00:00"""
448,MK-2206,PDBC00045,0,"""1970-01-02 00:00:00""","""1970-01-02 00:00:00"""
449,ML006,PDBC47704,0,"""1970-01-02 00:00:00""","""1970-01-02 00:00:00"""
450,ML031,PDBC47707,0,"""1970-01-02 00:00:00""","""1970-01-02 00:00:00"""
451,ML050,PDBC47493,0,"""1970-01-02 00:00:00""","""1970-01-02 00:00:00"""
452,ML083,PDBC48971,0,"""1970-01-02 00:00:00""","""1970-01-02 00:00:00"""
453,ML162,PDBC47476,0,"""1970-01-02 00:00:00""","""1970-01-02 00:00:00"""
454,ML203,PDBC47687,0,"""1970-01-02 00:00:00""","""1970-01-02 00:00:00"""
455,ML210,PDBC47504,0,"""1970-01-02 00:00:00""","""1970-01-02 00:00:00"""
456,ML239,PDBC49031,0,"""1970-01-02 00:00:00""","""1970-01-02 00:00:00"""
457,ML258,PDBC49128,0,"""1970-01-02 00:00:00""","""1970-01-02 00:00:00"""
458,ML311,PDBC48974,0,"""1970-01-02 00:00:00""","""1970-01-02 00:00:00"""
459,ML312,PDBC48999,0,"""1970-01-02 00:00:00""","""1970-01-02 00:00:00"""
460,ML320,PDBC49057,0,"""1970-01-02 00:00:00""","""1970-01-02 00:00:00"""
461,"""ML334 diastereomer""",PDBC49207,0,"""1970-01-02 00:00:00""","""1970-01-02 00:00:00"""
462,MLN2238,PDBC47681,0,"""1970-01-02 00:00:00""","""1970-01-02 00:00:00"""
463,MLN2480,PDBC49220,0,"""1970-01-02 00:00:00""","""1970-01-02 00:00:00"""
464,MLN4924,PDBC47458,0,"""1970-01-02 00:00:00""","""1970-01-02 00:00:00"""
465,momelotinib,PDBC49143,0,"""1970-01-02 00:00:00""","""1970-01-02 00:00:00"""
466,MP470,PDBC49268,0,"""1970-01-02 00:00:00""","""1970-01-02 00:00:00"""
467,MPS-1-IN-1,PDBC49252,0,"""1970-01-02 00:00:00""","""1970-01-02 00:00:00"""
468,MS-275,PDBC00135,0,"""1970-01-02 00:00:00""","""1970-01-02 00:00:00"""
469,MST-312,PDBC47555,0,"""1970-01-02 00:00:00""","""1970-01-02 00:00:00"""
470,myricetin,PDBC48631,0,"""1970-01-02 00:00:00""","""1970-01-02 00:00:00"""
471,myriocin,PDBC47492,0,"""1970-01-02 00:00:00""","""1970-01-02 00:00:00"""
472,N9-isopropylolomoucine,PDBC47662,0,"""1970-01-02 00:00:00""","""1970-01-02 00:00:00"""
473,nakiterpiosin,PDBC46994,0,"""1970-01-02 00:00:00""","""1970-01-02 00:00:00"""
474,narciclasine,PDBC05569,0,"""1970-01-02 00:00:00""","""1970-01-02 00:00:00"""
475,"""navitoclax:birinapant (1:1 mol/mol)""",PDBC49081,0,"""1970-01-02 00:00:00""","""1970-01-02 00:00:00"""
476,"""navitoclax:gemcitabine (1:1 mol/mol)""",PDBC49101,0,"""1970-01-02 00:00:00""","""1970-01-02 00:00:00"""
477,"""navitoclax:MST-312 (1:1 mol/mol)""",PDBC49098,0,"""1970-01-02 00:00:00""","""1970-01-02 00:00:00"""
478,"""navitoclax:piperlongumine (1:1 mol/mol)""",PDBC49122,0,"""1970-01-02 00:00:00""","""1970-01-02 00:00:00"""
479,"""navitoclax:pluripotin (1:1 mol/mol)""",PDBC49108,0,"""1970-01-02 00:00:00""","""1970-01-02 00:00:00"""
480,"""navitoclax:PLX-4032 (1:1 mol/mol)""",PDBC49095,0,"""1970-01-02 00:00:00""","""1970-01-02 00:00:00"""
481,"""navitoclax:sorafenib (1:1 mol/mol)""",PDBC49121,0,"""1970-01-02 00:00:00""","""1970-01-02 00:00:00"""
482,necrostatin-1,PDBC47477,0,"""1970-01-02 00:00:00""","""1970-01-02 00:00:00"""
483,necrostatin-7,PDBC49090,0,"""1970-01-02 00:00:00""","""1970-01-02 00:00:00"""
484,necrosulfonamide,PDBC49201,0,"""1970-01-02 00:00:00""","""1970-01-02 00:00:00"""
485,nelarabine,PDBC47339,1,"""1970-01-02 00:00:00""","""1970-01-02 00:00:00"""
487,neopeltolide,PDBC47646,0,"""1970-01-02 00:00:00""","""1970-01-02 00:00:00"""
488,neratinib,PDBC47696,1,"""1970-01-02 00:00:00""","""1970-01-02 00:00:00"""
489,NG-25,PDBC49256,0,"""1970-01-02 00:00:00""","""1970-01-02 00:00:00"""
490,niclosamide,PDBC48241,1,"""1970-01-02 00:00:00""","""1970-01-02 00:00:00"""
491,Nilotinib,PDBC00013,1,"""1970-01-02 00:00:00""","""1970-01-02 00:00:00"""
492,nintedanib,PDBC49035,1,"""1970-01-02 00:00:00""","""1970-01-02 00:00:00"""
493,NPC-26,PDBC47589,0,"""1970-01-02 00:00:00""","""1970-01-02 00:00:00"""
494,NPK76-II-72-1,PDBC49245,0,"""1970-01-02 00:00:00""","""1970-01-02 00:00:00"""
495,"""NSC 74859""",PDBC47598,0,"""1970-01-02 00:00:00""","""1970-01-02 00:00:00"""
496,NSC-207895,PDBC49266,0,"""1970-01-02 00:00:00""","""1970-01-02 00:00:00"""
497,NSC-87877,PDBC00073,0,"""1970-01-02 00:00:00""","""1970-01-02 00:00:00"""
498,NSC19630,PDBC01003,0,"""1970-01-02 00:00:00""","""1970-01-02 00:00:00"""
499,NSC23766,PDBC01118,0,"""1970-01-02 00:00:00""","""1970-01-02 00:00:00"""
500,NSC30930,PDBC01313,0,"""1970-01-02 00:00:00""","""1970-01-02 00:00:00"""
501,NSC48300,PDBC01907,0,"""1970-01-02 00:00:00""","""1970-01-02 00:00:00"""
502,NSC632839,PDBC13278,0,"""1970-01-02 00:00:00""","""1970-01-02 00:00:00"""
503,NSC663284,PDBC23583,0,"""1970-01-02 00:00:00""","""1970-01-02 00:00:00"""
504,NSC95397,PDBC03172,0,"""1970-01-02 00:00:00""","""1970-01-02 00:00:00"""
505,NU-7441,PDBC00035,0,"""1970-01-02 00:00:00""","""1970-01-02 00:00:00"""
506,NU6102,PDBC47444,0,"""1970-01-02 00:00:00""","""1970-01-02 00:00:00"""
507,Nutlin-3,PDBC00041,0,"""1970-01-02 00:00:00""","""1970-01-02 00:00:00"""
508,"""Nutlin-3a (-)""",PDBC49311,0,"""1970-01-02 00:00:00""","""1970-01-02 00:00:00"""
509,NVP-231,PDBC49133,0,"""1970-01-02 00:00:00""","""1970-01-02 00:00:00"""
510,NVP-ADW742,PDBC49124,0,"""1970-01-02 00:00:00""","""1970-01-02 00:00:00"""
511,NVP-BEZ235,PDBC00047,0,"""1970-01-02 00:00:00""","""1970-01-02 00:00:00"""
512,NVP-BSK805,PDBC49148,0,"""1970-01-02 00:00:00""","""1970-01-02 00:00:00"""
513,O-6-benzylguanine,PDBC14640,0,"""1970-01-02 00:00:00""","""1970-01-02 00:00:00"""
514,"""Obatoclax Mesylate""",PDBC00094,0,"""1970-01-02 00:00:00""","""1970-01-02 00:00:00"""
515,"""oligomycin a""",PDBC42073,0,"""1970-01-02 00:00:00""","""1970-01-02 00:00:00"""
516,"""Olomoucine II""",PDBC47445,0,"""1970-01-02 00:00:00""","""1970-01-02 00:00:00"""
518,OSI-027,PDBC49147,0,"""1970-01-02 00:00:00""","""1970-01-02 00:00:00"""
519,OSI-906,PDBC00096,0,"""1970-01-02 00:00:00""","""1970-01-02 00:00:00"""
520,OSI-930,PDBC49038,0,"""1970-01-02 00:00:00""","""1970-01-02 00:00:00"""
521,OSU-03012,PDBC00083,0,"""1970-01-02 00:00:00""","""1970-01-02 00:00:00"""
522,ouabain,PDBC48535,0,"""1970-01-02 00:00:00""","""1970-01-02 00:00:00"""
523,Oxaliplatin,PDBC47428,1,"""1970-01-02 00:00:00""","""1970-01-02 00:00:00"""
524,Oxamflatin,PDBC47446,0,"""1970-01-02 00:00:00""","""1970-01-02 00:00:00"""
526,paclitaxel,PDBC00058,1,"""1970-01-02 00:00:00""","""1970-01-02 00:00:00"""
527,"""palmostatin B""",PDBC49203,0,"""1970-01-02 00:00:00""","""1970-01-02 00:00:00"""
528,pandacostat,PDBC47603,0,"""1970-01-02 00:00:00""","""1970-01-02 00:00:00"""
529,Panobinostat,PDBC00144,0,"""1970-01-02 00:00:00""","""1970-01-02 00:00:00"""
530,parbendazole,PDBC05494,0,"""1970-01-02 00:00:00""","""1970-01-02 00:00:00"""
531,Parthenolide,PDBC00136,0,"""1970-01-02 00:00:00""","""1970-01-02 00:00:00"""
532,pazopanib,PDBC00102,1,"""1970-01-02 00:00:00""","""1970-01-02 00:00:00"""
533,Pazopanib,PDBC00102,1,"""1970-01-02 00:00:00""","""1970-01-02 00:00:00"""
534,"""PD 153035""",PDBC49181,0,"""1970-01-02 00:00:00""","""1970-01-02 00:00:00"""
535,PD-0325901,PDBC00051,0,"""1970-01-02 00:00:00""","""1970-01-02 00:00:00"""
536,PD-0332991,PDBC00046,1,"""1970-01-02 00:00:00""","""1970-01-02 00:00:00"""
537,PD173074,PDBC00042,0,"""1970-01-02 00:00:00""","""1970-01-02 00:00:00"""
538,PD318088,PDBC49137,0,"""1970-01-02 00:00:00""","""1970-01-02 00:00:00"""
539,PD98059,PDBC30217,0,"""1970-01-02 00:00:00""","""1970-01-02 00:00:00"""
540,PDMP,PDBC47515,0,"""1970-01-02 00:00:00""","""1970-01-02 00:00:00"""
541,Pemetrexed,PDBC36563,1,"""1970-01-02 00:00:00""","""1970-01-02 00:00:00"""
542,PF-184,PDBC49179,0,"""1970-01-02 00:00:00""","""1970-01-02 00:00:00"""
543,PF-3084014,PDBC47447,0,"""1970-01-02 00:00:00""","""1970-01-02 00:00:00"""
544,PF-3758309,PDBC49228,0,"""1970-01-02 00:00:00""","""1970-01-02 00:00:00"""
545,PF-3814735,PDBC47448,0,"""1970-01-02 00:00:00""","""1970-01-02 00:00:00"""
546,PF-4691502,PDBC47449,0,"""1970-01-02 00:00:00""","""1970-01-02 00:00:00"""
547,PF-4708671,PDBC00061,0,"""1970-01-02 00:00:00""","""1970-01-02 00:00:00"""
548,"""PF-4800567 hydrochloride""",PDBC49234,0,"""1970-01-02 00:00:00""","""1970-01-02 00:00:00"""
549,PF-543,PDBC49060,0,"""1970-01-02 00:00:00""","""1970-01-02 00:00:00"""
550,PF-562271,PDBC00080,0,"""1970-01-02 00:00:00""","""1970-01-02 00:00:00"""
551,PF-573228,PDBC49061,0,"""1970-01-02 00:00:00""","""1970-01-02 00:00:00"""
552,PF-750,PDBC47692,0,"""1970-01-02 00:00:00""","""1970-01-02 00:00:00"""
553,PFI-1,PDBC49302,0,"""1970-01-02 00:00:00""","""1970-01-02 00:00:00"""
554,PHA-665752,PDBC00126,0,"""1970-01-02 00:00:00""","""1970-01-02 00:00:00"""
555,PHA-793887,PDBC49047,0,"""1970-01-02 00:00:00""","""1970-01-02 00:00:00"""
557,phloretin,PDBC47543,0,"""1970-01-02 00:00:00""","""1970-01-02 00:00:00"""
558,PI-103,PDBC47653,0,"""1970-01-02 00:00:00""","""1970-01-02 00:00:00"""
559,pifithrin-alpha,PDBC47650,0,"""1970-01-02 00:00:00""","""1970-01-02 00:00:00"""
560,pifithrin-mu,PDBC47720,0,"""1970-01-02 00:00:00""","""1970-01-02 00:00:00"""
561,PIK-93,PDBC49150,0,"""1970-01-02 00:00:00""","""1970-01-02 00:00:00"""
562,piperlongumine,PDBC47566,0,"""1970-01-02 00:00:00""","""1970-01-02 00:00:00"""
563,"""piperlongumine:MST-312 (1:1 mol/mol)""",PDBC49100,0,"""1970-01-02 00:00:00""","""1970-01-02 00:00:00"""
564,pitstop2,PDBC49188,0,"""1970-01-02 00:00:00""","""1970-01-02 00:00:00"""
565,PL-DI,PDBC47693,0,"""1970-01-02 00:00:00""","""1970-01-02 00:00:00"""
566,Platin,PDBC48978,1,"""1970-01-02 00:00:00""","""1970-01-02 00:00:00"""
567,pluripotin,PDBC47723,0,"""1970-01-02 00:00:00""","""1970-01-02 00:00:00"""
568,PLX-4032,PDBC47426,0,"""1970-01-02 00:00:00""","""1970-01-02 00:00:00"""
569,PLX4720,PDBC00033,0,"""1970-01-02 00:00:00""","""1970-01-02 00:00:00"""
570,prima-1,PDBC05722,0,"""1970-01-02 00:00:00""","""1970-01-02 00:00:00"""
571,PRIMA-1-Met,PDBC47613,0,"""1970-01-02 00:00:00""","""1970-01-02 00:00:00"""
572,"""PRL-3 Inhibitor I""",PDBC47526,0,"""1970-01-02 00:00:00""","""1970-01-02 00:00:00"""
573,procarbazine,PDBC48316,1,"""1970-01-02 00:00:00""","""1970-01-02 00:00:00"""
574,prochlorperazine,PDBC47729,1,"""1970-01-02 00:00:00""","""1970-01-02 00:00:00"""
575,purmorphamine,PDBC47669,0,"""1970-01-02 00:00:00""","""1970-01-02 00:00:00"""
576,"""Purvalanol A""",PDBC47431,0,"""1970-01-02 00:00:00""","""1970-01-02 00:00:00"""
577,PX-12,PDBC47480,0,"""1970-01-02 00:00:00""","""1970-01-02 00:00:00"""
578,PYR-41,PDBC46627,0,"""1970-01-02 00:00:00""","""1970-01-02 00:00:00"""
579,pyrazolanthrone,PDBC02628,0,"""1970-01-02 00:00:00""","""1970-01-02 00:00:00"""
580,Pyrimethamine,PDBC00131,1,"""1970-01-02 00:00:00""","""1970-01-02 00:00:00"""
581,QL-VIII-58,PDBC49312,0,"""1970-01-02 00:00:00""","""1970-01-02 00:00:00"""
582,QL-X-138,PDBC49274,0,"""1970-01-02 00:00:00""","""1970-01-02 00:00:00"""
583,QL-XI-92,PDBC49272,0,"""1970-01-02 00:00:00""","""1970-01-02 00:00:00"""
584,QL-XII-47,PDBC49283,0,"""1970-01-02 00:00:00""","""1970-01-02 00:00:00"""
585,QL-XII-61,PDBC49310,0,"""1970-01-02 00:00:00""","""1970-01-02 00:00:00"""
586,QS11,PDBC00075,0,"""1970-01-02 00:00:00""","""1970-01-02 00:00:00"""
587,quizartinib,PDBC49048,0,"""1970-01-02 00:00:00""","""1970-01-02 00:00:00"""
588,QW-BI-011,PDBC48976,0,"""1970-01-02 00:00:00""","""1970-01-02 00:00:00"""
589,R428,PDBC49189,0,"""1970-01-02 00:00:00""","""1970-01-02 00:00:00"""
590,RAF265,PDBC00145,0,"""1970-01-02 00:00:00""","""1970-01-02 00:00:00"""
591,Rapamycin,PDBC00109,1,"""1970-01-02 00:00:00""","""1970-01-02 00:00:00"""
592,RDEA119,PDBC00014,0,"""1970-01-02 00:00:00""","""1970-01-02 00:00:00"""
593,regorafenib,PDBC49036,1,"""1970-01-02 00:00:00""","""1970-01-02 00:00:00"""
594,"""Repligen 136""",PDBC49034,0,"""1970-01-02 00:00:00""","""1970-01-02 00:00:00"""
595,RG-108,PDBC07306,0,"""1970-01-02 00:00:00""","""1970-01-02 00:00:00"""
596,rigosertib,PDBC49136,0,"""1970-01-02 00:00:00""","""1970-01-02 00:00:00"""
597,RITA,PDBC20329,1,"""1970-01-02 00:00:00""","""1970-01-02 00:00:00"""
598,RO-3306,PDBC00044,0,"""1970-01-02 00:00:00""","""1970-01-02 00:00:00"""
599,RO4929097,PDBC49218,0,"""1970-01-02 00:00:00""","""1970-01-02 00:00:00"""
600,Roscovitine,PDBC00059,0,"""1970-01-02 00:00:00""","""1970-01-02 00:00:00"""
601,rTRAIL,PDBC49301,0,"""1970-01-02 00:00:00""","""1970-01-02 00:00:00"""
602,ruxolitinib,PDBC49045,1,"""1970-01-02 00:00:00""","""1970-01-02 00:00:00"""
603,S-Trityl-L-cysteine,PDBC00116,0,"""1970-01-02 00:00:00""","""1970-01-02 00:00:00"""
604,salermide,PDBC47484,0,"""1970-01-02 00:00:00""","""1970-01-02 00:00:00"""
605,"""salermide:PLX-4032 (12:1 mol/mol)""",PDBC49115,0,"""1970-01-02 00:00:00""","""1970-01-02 00:00:00"""
606,Salubrinal,PDBC00060,0,"""1970-01-02 00:00:00""","""1970-01-02 00:00:00"""
607,"""SB 216763""",PDBC00025,0,"""1970-01-02 00:00:00""","""1970-01-02 00:00:00"""
608,"""SB 505124""",PDBC49308,0,"""1970-01-02 00:00:00""","""1970-01-02 00:00:00"""
609,SB-225002,PDBC47642,0,"""1970-01-02 00:00:00""","""1970-01-02 00:00:00"""
610,SB-3CT,PDBC47443,0,"""1970-01-02 00:00:00""","""1970-01-02 00:00:00"""
611,SB-431542,PDBC48958,0,"""1970-01-02 00:00:00""","""1970-01-02 00:00:00"""
612,SB-525334,PDBC49046,0,"""1970-01-02 00:00:00""","""1970-01-02 00:00:00"""
613,SB-743921,PDBC49106,0,"""1970-01-02 00:00:00""","""1970-01-02 00:00:00"""
614,SB52334,PDBC49264,0,"""1970-01-02 00:00:00""","""1970-01-02 00:00:00"""
615,SB590885,PDBC00052,0,"""1970-01-02 00:00:00""","""1970-01-02 00:00:00"""
616,SCH-529074,PDBC47567,0,"""1970-01-02 00:00:00""","""1970-01-02 00:00:00"""
617,SCH-79797,PDBC47546,0,"""1970-01-02 00:00:00""","""1970-01-02 00:00:00"""
618,"""selumetinib:BRD-A02303741 (4:1 mol/mol)""",PDBC49086,0,"""1970-01-02 00:00:00""","""1970-01-02 00:00:00"""
619,"""selumetinib:decitabine (4:1 mol/mol)""",PDBC49111,0,"""1970-01-02 00:00:00""","""1970-01-02 00:00:00"""
620,"""selumetinib:GDC-0941 (4:1 mol/mol)""",PDBC49083,0,"""1970-01-02 00:00:00""","""1970-01-02 00:00:00"""
621,"""selumetinib:JQ-1 (4:1 mol/mol)""",PDBC49168,0,"""1970-01-02 00:00:00""","""1970-01-02 00:00:00"""
622,"""selumetinib:MK-2206 (8:1 mol/mol)""",PDBC49094,0,"""1970-01-02 00:00:00""","""1970-01-02 00:00:00"""
623,"""selumetinib:navitoclax (8:1 mol/mol)""",PDBC49110,0,"""1970-01-02 00:00:00""","""1970-01-02 00:00:00"""
624,"""selumetinib:piperlongumine (8:1 mol/mol)""",PDBC49096,0,"""1970-01-02 00:00:00""","""1970-01-02 00:00:00"""
625,"""selumetinib:PLX-4032 (8:1 mol/mol)""",PDBC49074,0,"""1970-01-02 00:00:00""","""1970-01-02 00:00:00"""
626,"""selumetinib:tretinoin (2:1 mol/mol)""",PDBC49084,0,"""1970-01-02 00:00:00""","""1970-01-02 00:00:00"""
627,"""selumetinib:UNC0638 (4:1 mol/mol)""",PDBC49119,0,"""1970-01-02 00:00:00""","""1970-01-02 00:00:00"""
628,"""selumetinib:vorinostat (8:1 mol/mol)""",PDBC49085,0,"""1970-01-02 00:00:00""","""1970-01-02 00:00:00"""
629,semagacestat,PDBC49135,0,"""1970-01-02 00:00:00""","""1970-01-02 00:00:00"""
630,serdemetan,PDBC00062,0,"""1970-01-02 00:00:00""","""1970-01-02 00:00:00"""
631,"""serdemetan:SCH-529074 (1:1 mol/mol)""",PDBC49073,0,"""1970-01-02 00:00:00""","""1970-01-02 00:00:00"""
632,SGC0946,PDBC49309,0,"""1970-01-02 00:00:00""","""1970-01-02 00:00:00"""
633,SGX-523,PDBC49042,0,"""1970-01-02 00:00:00""","""1970-01-02 00:00:00"""
635,"""SID 26681509""",PDBC47521,0,"""1970-01-02 00:00:00""","""1970-01-02 00:00:00"""
636,"""Sigma AKT1-2 inhibitor""",PDBC47439,0,"""1970-01-02 00:00:00""","""1970-01-02 00:00:00"""
637,Sildenafil,PDBC46448,1,"""1970-01-02 00:00:00""","""1970-01-02 00:00:00"""
638,silmitasertib,PDBC49140,0,"""1970-01-02 00:00:00""","""1970-01-02 00:00:00"""
639,simvastatin,PDBC05712,1,"""1970-01-02 00:00:00""","""1970-01-02 00:00:00"""
640,"""sirolimus:bortezomib (250:1 mol/mol)""",PDBC49075,0,"""1970-01-02 00:00:00""","""1970-01-02 00:00:00"""
641,sitagliptin,PDBC48961,1,"""1970-01-02 00:00:00""","""1970-01-02 00:00:00"""
642,SJ-172550,PDBC47712,0,"""1970-01-02 00:00:00""","""1970-01-02 00:00:00"""
643,skepinone-L,PDBC49233,0,"""1970-01-02 00:00:00""","""1970-01-02 00:00:00"""
644,SKI-II,PDBC47559,0,"""1970-01-02 00:00:00""","""1970-01-02 00:00:00"""
645,"""SL 0101-1""",PDBC00036,0,"""1970-01-02 00:00:00""","""1970-01-02 00:00:00"""
646,SMER-3,PDBC49123,0,"""1970-01-02 00:00:00""","""1970-01-02 00:00:00"""
647,SN-38,PDBC27815,0,"""1970-01-02 00:00:00""","""1970-01-02 00:00:00"""
648,SNS-032,PDBC49026,0,"""1970-01-02 00:00:00""","""1970-01-02 00:00:00"""
649,SNX-2112,PDBC47661,0,"""1970-01-02 00:00:00""","""1970-01-02 00:00:00"""
650,"""SNX-2112:bortezomib (250:1 mol/mol)""",PDBC49112,0,"""1970-01-02 00:00:00""","""1970-01-02 00:00:00"""
651,Sorafenib,PDBC00110,1,"""1970-01-02 00:00:00""","""1970-01-02 00:00:00"""
652,sotrastaurin,PDBC49191,0,"""1970-01-02 00:00:00""","""1970-01-02 00:00:00"""
653,spautin-1,PDBC49055,0,"""1970-01-02 00:00:00""","""1970-01-02 00:00:00"""
654,SR-II-138A,PDBC47531,0,"""1970-01-02 00:00:00""","""1970-01-02 00:00:00"""
655,SR1001,PDBC49129,0,"""1970-01-02 00:00:00""","""1970-01-02 00:00:00"""
656,SR8278,PDBC49239,0,"""1970-01-02 00:00:00""","""1970-01-02 00:00:00"""
657,SRT-1720,PDBC48992,0,"""1970-01-02 00:00:00""","""1970-01-02 00:00:00"""
658,staurosporine,PDBC47791,0,"""1970-01-02 00:00:00""","""1970-01-02 00:00:00"""
659,"""StemRegenin 1""",PDBC49030,0,"""1970-01-02 00:00:00""","""1970-01-02 00:00:00"""
660,STF-31,PDBC49054,0,"""1970-01-02 00:00:00""","""1970-01-02 00:00:00"""
661,STF-62247,PDBC49278,0,"""1970-01-02 00:00:00""","""1970-01-02 00:00:00"""
662,SU11274,PDBC49028,0,"""1970-01-02 00:00:00""","""1970-01-02 00:00:00"""
663,Sunitinib,PDBC00118,1,"""1970-01-02 00:00:00""","""1970-01-02 00:00:00"""
664,"""Sunitinib Malate""",PDBC00118,1,"""1970-01-02 00:00:00""","""1970-01-02 00:00:00"""
665,SZ4TA2,PDBC49230,0,"""1970-01-02 00:00:00""","""1970-01-02 00:00:00"""
666,T0901317,PDBC49291,0,"""1970-01-02 00:00:00""","""1970-01-02 00:00:00"""
667,tacedinaline,PDBC49182,0,"""1970-01-02 00:00:00""","""1970-01-02 00:00:00"""
668,tacrolimus,PDBC47522,1,"""1970-01-02 00:00:00""","""1970-01-02 00:00:00"""
669,TAE684,PDBC00113,0,"""1970-01-02 00:00:00""","""1970-01-02 00:00:00"""
670,TAK-715,PDBC49258,0,"""1970-01-02 00:00:00""","""1970-01-02 00:00:00"""
671,Talazoparib,PDBC49303,0,"""1970-01-02 00:00:00""","""1970-01-02 00:00:00"""
672,tamatinib,PDBC47557,1,"""1970-01-02 00:00:00""","""1970-01-02 00:00:00"""
673,Tamoxifen,PDBC47429,1,"""1970-01-02 00:00:00""","""1970-01-02 00:00:00"""
674,tandutinib,PDBC49165,0,"""1970-01-02 00:00:00""","""1970-01-02 00:00:00"""
675,"""tanespimycin:bortezomib (250:1 mol/mol)""",PDBC49097,0,"""1970-01-02 00:00:00""","""1970-01-02 00:00:00"""
676,"""tanespimycin:gemcitabine (1:1 mol/mol)""",PDBC49092,0,"""1970-01-02 00:00:00""","""1970-01-02 00:00:00"""
677,"""TCS PIM-11""",PDBC47433,0,"""1970-01-02 00:00:00""","""1970-01-02 00:00:00"""
678,"""TCS2312 dihydrochloride""",PDBC47438,0,"""1970-01-02 00:00:00""","""1970-01-02 00:00:00"""
679,temozolomide,PDBC06882,1,"""1970-01-02 00:00:00""","""1970-01-02 00:00:00"""
680,temsirolimus,PDBC00016,1,"""1970-01-02 00:00:00""","""1970-01-02 00:00:00"""
681,Teniposide,PDBC03899,1,"""1970-01-02 00:00:00""","""1970-01-02 00:00:00"""
682,TG-100-115,PDBC49166,0,"""1970-01-02 00:00:00""","""1970-01-02 00:00:00"""
683,TG-101348,PDBC47536,0,"""1970-01-02 00:00:00""","""1970-01-02 00:00:00"""
684,TGX221,PDBC00139,0,"""1970-01-02 00:00:00""","""1970-01-02 00:00:00"""
685,thalidomide,PDBC47774,1,"""1970-01-02 00:00:00""","""1970-01-02 00:00:00"""
686,thapsigargin,PDBC00093,0,"""1970-01-02 00:00:00""","""1970-01-02 00:00:00"""
687,THZ-2-102-1,PDBC49270,0,"""1970-01-02 00:00:00""","""1970-01-02 00:00:00"""
688,THZ-2-49,PDBC49249,0,"""1970-01-02 00:00:00""","""1970-01-02 00:00:00"""
689,tigecycline,PDBC49058,1,"""1970-01-02 00:00:00""","""1970-01-02 00:00:00"""
691,Tipifarnib,PDBC00106,0,"""1970-01-02 00:00:00""","""1970-01-02 00:00:00"""
692,tivantinib,PDBC49217,0,"""1970-01-02 00:00:00""","""1970-01-02 00:00:00"""
693,tivozanib,PDBC47622,0,"""1970-01-02 00:00:00""","""1970-01-02 00:00:00"""
694,TKI258,PDBC00146,0,"""1970-01-02 00:00:00""","""1970-01-02 00:00:00"""
695,TL-1-85,PDBC49251,0,"""1970-01-02 00:00:00""","""1970-01-02 00:00:00"""
696,TL-2-105,PDBC49262,0,"""1970-01-02 00:00:00""","""1970-01-02 00:00:00"""
697,Topotecan,PDBC00147,1,"""1970-01-02 00:00:00""","""1970-01-02 00:00:00"""
698,tosedostat,PDBC47710,0,"""1970-01-02 00:00:00""","""1970-01-02 00:00:00"""
699,TPCA-1,PDBC48979,0,"""1970-01-02 00:00:00""","""1970-01-02 00:00:00"""
700,"""tretinoin:carboplatin (2:1 mol/mol)""",PDBC49089,0,"""1970-01-02 00:00:00""","""1970-01-02 00:00:00"""
701,"""tretinoin:navitoclax (4:1 mol/mol)""",PDBC49087,0,"""1970-01-02 00:00:00""","""1970-01-02 00:00:00"""
702,triazolothiadiazine,PDBC48982,0,"""1970-01-02 00:00:00""","""1970-01-02 00:00:00"""
703,Trichostatin.A,PDBC47430,0,"""1970-01-02 00:00:00""","""1970-01-02 00:00:00"""
704,triciribine,PDBC04563,0,"""1970-01-02 00:00:00""","""1970-01-02 00:00:00"""
705,trifluoperazine,PDBC00931,1,"""1970-01-02 00:00:00""","""1970-01-02 00:00:00"""
706,triptolide,PDBC04703,0,"""1970-01-02 00:00:00""","""1970-01-02 00:00:00"""
707,"""tubastatin A""",PDBC47500,0,"""1970-01-02 00:00:00""","""1970-01-02 00:00:00"""
708,"""TW 37""",PDBC00063,0,"""1970-01-02 00:00:00""","""1970-01-02 00:00:00"""
709,"""Tykerb:IGF1R (1:1)""",PDBC47457,0,"""1970-01-02 00:00:00""","""1970-01-02 00:00:00"""
710,UNC0321,PDBC47672,0,"""1970-01-02 00:00:00""","""1970-01-02 00:00:00"""
711,UNC0638,PDBC47700,0,"""1970-01-02 00:00:00""","""1970-01-02 00:00:00"""
712,"""UNC0638:navitoclax (1:1 mol/mol)""",PDBC49116,0,"""1970-01-02 00:00:00""","""1970-01-02 00:00:00"""
713,UNC1215,PDBC49299,0,"""1970-01-02 00:00:00""","""1970-01-02 00:00:00"""
714,VAF-347,PDBC49209,0,"""1970-01-02 00:00:00""","""1970-01-02 00:00:00"""
715,valdecoxib,PDBC47539,1,"""1970-01-02 00:00:00""","""1970-01-02 00:00:00"""
716,Valproic.acid,PDBC03141,1,"""1970-01-02 00:00:00""","""1970-01-02 00:00:00"""
717,Vandetanib,PDBC00148,1,"""1970-01-02 00:00:00""","""1970-01-02 00:00:00"""
718,Velcade,PDBC00037,1,"""1970-01-02 00:00:00""","""1970-01-02 00:00:00"""
719,VER-155008,PDBC47580,0,"""1970-01-02 00:00:00""","""1970-01-02 00:00:00"""
720,Vinblastine,PDBC00004,1,"""1970-01-02 00:00:00""","""1970-01-02 00:00:00"""
721,vincristine,PDBC48966,1,"""1970-01-02 00:00:00""","""1970-01-02 00:00:00"""
722,Vinorelbine,PDBC00072,1,"""1970-01-02 00:00:00""","""1970-01-02 00:00:00"""
723,VNLG/124,PDBC49276,0,"""1970-01-02 00:00:00""","""1970-01-02 00:00:00"""
724,vorapaxar,PDBC49077,1,"""1970-01-02 00:00:00""","""1970-01-02 00:00:00"""
725,Vorinostat,PDBC00012,1,"""1970-01-02 00:00:00""","""1970-01-02 00:00:00"""
726,"""vorinostat:carboplatin (1:1 mol/mol)""",PDBC49072,0,"""1970-01-02 00:00:00""","""1970-01-02 00:00:00"""
727,"""vorinostat:navitoclax (4:1 mol/mol)""",PDBC49126,0,"""1970-01-02 00:00:00""","""1970-01-02 00:00:00"""
728,VU0155056,PDBC49070,0,"""1970-01-02 00:00:00""","""1970-01-02 00:00:00"""
729,VX-11e,PDBC49250,0,"""1970-01-02 00:00:00""","""1970-01-02 00:00:00"""
730,VX-680,PDBC00111,0,"""1970-01-02 00:00:00""","""1970-01-02 00:00:00"""
731,VX-702,PDBC00027,0,"""1970-01-02 00:00:00""","""1970-01-02 00:00:00"""
732,WAY-362450,PDBC49157,0,"""1970-01-02 00:00:00""","""1970-01-02 00:00:00"""
733,WH-4-023,PDBC00124,0,"""1970-01-02 00:00:00""","""1970-01-02 00:00:00"""
734,WP1130,PDBC49146,0,"""1970-01-02 00:00:00""","""1970-01-02 00:00:00"""
735,WZ-1-84,PDBC00125,0,"""1970-01-02 00:00:00""","""1970-01-02 00:00:00"""
736,WZ3105,PDBC49277,0,"""1970-01-02 00:00:00""","""1970-01-02 00:00:00"""
737,WZ4002,PDBC49206,0,"""1970-01-02 00:00:00""","""1970-01-02 00:00:00"""
738,WZ8040,PDBC49037,0,"""1970-01-02 00:00:00""","""1970-01-02 00:00:00"""
739,XAV-939,PDBC47538,0,"""1970-01-02 00:00:00""","""1970-01-02 00:00:00"""
740,XL-184,PDBC49172,0,"""1970-01-02 00:00:00""","""1970-01-02 00:00:00"""
741,XL765,PDBC49127,0,"""1970-01-02 00:00:00""","""1970-01-02 00:00:00"""
742,XMD11-85h,PDBC49306,0,"""1970-01-02 00:00:00""","""1970-01-02 00:00:00"""
743,XMD13-2,PDBC49281,0,"""1970-01-02 00:00:00""","""1970-01-02 00:00:00"""
744,XMD14-99,PDBC49248,0,"""1970-01-02 00:00:00""","""1970-01-02 00:00:00"""
745,XMD15-27,PDBC49244,0,"""1970-01-02 00:00:00""","""1970-01-02 00:00:00"""
746,XMD8-85,PDBC00050,0,"""1970-01-02 00:00:00""","""1970-01-02 00:00:00"""
747,XMD8-92,PDBC49304,0,"""1970-01-02 00:00:00""","""1970-01-02 00:00:00"""
748,XRP44X,PDBC47437,0,"""1970-01-02 00:00:00""","""1970-01-02 00:00:00"""
749,Y-39983,PDBC49255,0,"""1970-01-02 00:00:00""","""1970-01-02 00:00:00"""
750,"""YK 4-279""",PDBC47483,0,"""1970-01-02 00:00:00""","""1970-01-02 00:00:00"""
751,YL54,PDBC49178,0,"""1970-01-02 00:00:00""","""1970-01-02 00:00:00"""
752,YM-155,PDBC47676,0,"""1970-01-02 00:00:00""","""1970-01-02 00:00:00"""
753,YM201636,PDBC49246,0,"""1970-01-02 00:00:00""","""1970-01-02 00:00:00"""
754,Z-LLNle-CHO,PDBC00117,0,"""1970-01-02 00:00:00""","""1970-01-02 00:00:00"""
755,Zebularine,PDBC06136,0,"""1970-01-02 00:00:00""","""1970-01-02 00:00:00"""
756,ZG-10,PDBC49314,0,"""1970-01-02 00:00:00""","""1970-01-02 00:00:00"""
757,Zibotentan,PDBC49259,0,"""1970-01-02 00:00:00""","""1970-01-02 00:00:00"""
758,ZM-447439,PDBC00043,0,"""1970-01-02 00:00:00""","""1970-01-02 00:00:00"""
759,ZSTK474,PDBC49023,0,"""1970-01-02 00:00:00""","""1970-01-02 00:00:00"""
