drug_id;drug_name;fda_status;created_at;updated_at
1;(5Z)-7-Oxozeaenol;0;"1970-01-02 00:00:00";"1970-01-02 00:00:00"
2;16-beta-bromoandrosterone;0;"1970-01-02 00:00:00";"1970-01-02 00:00:00"
3;17-AAG;0;"1970-01-02 00:00:00";"1970-01-02 00:00:00"
4;1S,3R-RSL-3;0;"1970-01-02 00:00:00";"1970-01-02 00:00:00"
5;3-Cl-AHPC;0;"1970-01-02 00:00:00";"1970-01-02 00:00:00"
6;5-FdUR;0;"1970-01-02 00:00:00";"1970-01-02 00:00:00"
7;5-FU;1;"1970-01-02 00:00:00";"1970-01-02 00:00:00"
8;681640;0;"1970-01-02 00:00:00";"1970-01-02 00:00:00"
9;968;1;"1970-01-02 00:00:00";"1970-01-02 00:00:00"
10;A-443654;0;"1970-01-02 00:00:00";"1970-01-02 00:00:00"
11;A-770041;0;"1970-01-02 00:00:00";"1970-01-02 00:00:00"
12;A-804598;0;"1970-01-02 00:00:00";"1970-01-02 00:00:00"
13;AA-COCF3;0;"1970-01-02 00:00:00";"1970-01-02 00:00:00"
14;abiraterone;1;"1970-01-02 00:00:00";"1970-01-02 00:00:00"
15;ABT-199;0;"1970-01-02 00:00:00";"1970-01-02 00:00:00"
16;ABT-263;0;"1970-01-02 00:00:00";"1970-01-02 00:00:00"
17;ABT-737;0;"1970-01-02 00:00:00";"1970-01-02 00:00:00"
18;ABT-888;0;"1970-01-02 00:00:00";"1970-01-02 00:00:00"
19;AC220;0;"1970-01-02 00:00:00";"1970-01-02 00:00:00"
20;AC55649;0;"1970-01-02 00:00:00";"1970-01-02 00:00:00"
21;AEW541;0;"1970-01-02 00:00:00";"1970-01-02 00:00:00"
22;AG-014699;0;"1970-01-02 00:00:00";"1970-01-02 00:00:00"
23;AG1478;0;"1970-01-02 00:00:00";"1970-01-02 00:00:00"
24;AGK-2;0;"1970-01-02 00:00:00";"1970-01-02 00:00:00"
25;AICAR;0;"1970-01-02 00:00:00";"1970-01-02 00:00:00"
26;"AKT inhibitor VIII";0;"1970-01-02 00:00:00";"1970-01-02 00:00:00"
27;alisertib;0;"1970-01-02 00:00:00";"1970-01-02 00:00:00"
28;"alisertib:navitoclax (2:1 mol/mol)";0;"1970-01-02 00:00:00";"1970-01-02 00:00:00"
29;alvocidib;0;"1970-01-02 00:00:00";"1970-01-02 00:00:00"
30;AM-580;0;"1970-01-02 00:00:00";"1970-01-02 00:00:00"
31;AMG-706;0;"1970-01-02 00:00:00";"1970-01-02 00:00:00"
32;AP-24534;1;"1970-01-02 00:00:00";"1970-01-02 00:00:00"
33;apicidin;0;"1970-01-02 00:00:00";"1970-01-02 00:00:00"
34;AR-42;0;"1970-01-02 00:00:00";"1970-01-02 00:00:00"
35;AS-252424;0;"1970-01-02 00:00:00";"1970-01-02 00:00:00"
36;AS601245;0;"1970-01-02 00:00:00";"1970-01-02 00:00:00"
37;AS605240;0;"1970-01-02 00:00:00";"1970-01-02 00:00:00"
38;AT-406;0;"1970-01-02 00:00:00";"1970-01-02 00:00:00"
39;AT-7519;0;"1970-01-02 00:00:00";"1970-01-02 00:00:00"
40;AT13387;0;"1970-01-02 00:00:00";"1970-01-02 00:00:00"
41;AT7867;0;"1970-01-02 00:00:00";"1970-01-02 00:00:00"
42;ATRA;1;"1970-01-02 00:00:00";"1970-01-02 00:00:00"
43;"austocystin d";0;"1970-01-02 00:00:00";"1970-01-02 00:00:00"
44;AUY922;0;"1970-01-02 00:00:00";"1970-01-02 00:00:00"
45;"avicin D";0;"1970-01-02 00:00:00";"1970-01-02 00:00:00"
46;avrainvillamide;0;"1970-01-02 00:00:00";"1970-01-02 00:00:00"
47;Axitinib;1;"1970-01-02 00:00:00";"1970-01-02 00:00:00"
48;AZ-3146;0;"1970-01-02 00:00:00";"1970-01-02 00:00:00"
49;AZ628;0;"1970-01-02 00:00:00";"1970-01-02 00:00:00"
50;azacitidine;1;"1970-01-02 00:00:00";"1970-01-02 00:00:00"
51;AZD-2281;1;"1970-01-02 00:00:00";"1970-01-02 00:00:00"
52;AZD-7545;0;"1970-01-02 00:00:00";"1970-01-02 00:00:00"
53;AZD0530;0;"1970-01-02 00:00:00";"1970-01-02 00:00:00"
54;AZD1480;0;"1970-01-02 00:00:00";"1970-01-02 00:00:00"
55;AZD4547;0;"1970-01-02 00:00:00";"1970-01-02 00:00:00"
56;AZD6244;0;"1970-01-02 00:00:00";"1970-01-02 00:00:00"
57;AZD6482;0;"1970-01-02 00:00:00";"1970-01-02 00:00:00"
58;AZD7762;0;"1970-01-02 00:00:00";"1970-01-02 00:00:00"
59;AZD8055;0;"1970-01-02 00:00:00";"1970-01-02 00:00:00"
60;B02;0;"1970-01-02 00:00:00";"1970-01-02 00:00:00"
61;"bafilomycin A1";0;"1970-01-02 00:00:00";"1970-01-02 00:00:00"
62;Baicalein;0;"1970-01-02 00:00:00";"1970-01-02 00:00:00"
63;barasertib;0;"1970-01-02 00:00:00";"1970-01-02 00:00:00"
64;"bardoxolone methyl";0;"1970-01-02 00:00:00";"1970-01-02 00:00:00"
65;"Bax channel blocker";0;"1970-01-02 00:00:00";"1970-01-02 00:00:00"
66;"BAY 61-3606";0;"1970-01-02 00:00:00";"1970-01-02 00:00:00"
67;BCL-LZH-4;0;"1970-01-02 00:00:00";"1970-01-02 00:00:00"
68;BEC;1;"1970-01-02 00:00:00";"1970-01-02 00:00:00"
69;belinostat;1;"1970-01-02 00:00:00";"1970-01-02 00:00:00"
70;bendamustine;1;"1970-01-02 00:00:00";"1970-01-02 00:00:00"
71;"betulinic acid";0;"1970-01-02 00:00:00";"1970-01-02 00:00:00"
72;Bexarotene;1;"1970-01-02 00:00:00";"1970-01-02 00:00:00"
73;BHG712;0;"1970-01-02 00:00:00";"1970-01-02 00:00:00"
74;BI-2536;0;"1970-01-02 00:00:00";"1970-01-02 00:00:00"
75;BIBR-1532;0;"1970-01-02 00:00:00";"1970-01-02 00:00:00"
76;BIBW2992;1;"1970-01-02 00:00:00";"1970-01-02 00:00:00"
77;Bicalutamide;1;"1970-01-02 00:00:00";"1970-01-02 00:00:00"
78;bid1870;0;"1970-01-02 00:00:00";"1970-01-02 00:00:00"
79;"BIRB 0796";0;"1970-01-02 00:00:00";"1970-01-02 00:00:00"
80;birinapant;0;"1970-01-02 00:00:00";"1970-01-02 00:00:00"
81;BIX-01294;0;"1970-01-02 00:00:00";"1970-01-02 00:00:00"
82;BIX02189;0;"1970-01-02 00:00:00";"1970-01-02 00:00:00"
83;blebbistatin;0;"1970-01-02 00:00:00";"1970-01-02 00:00:00"
84;Bleomycin;0;"1970-01-02 00:00:00";"1970-01-02 00:00:00"
85;BMS-195614;0;"1970-01-02 00:00:00";"1970-01-02 00:00:00"
86;BMS-270394;0;"1970-01-02 00:00:00";"1970-01-02 00:00:00"
87;BMS-345541;0;"1970-01-02 00:00:00";"1970-01-02 00:00:00"
88;BMS-509744;0;"1970-01-02 00:00:00";"1970-01-02 00:00:00"
89;BMS-536924;0;"1970-01-02 00:00:00";"1970-01-02 00:00:00"
90;BMS-708163;0;"1970-01-02 00:00:00";"1970-01-02 00:00:00"
91;BMS-754807;0;"1970-01-02 00:00:00";"1970-01-02 00:00:00"
92;Bortezomib;1;"1970-01-02 00:00:00";"1970-01-02 00:00:00"
93;Bosutinib;1;"1970-01-02 00:00:00";"1970-01-02 00:00:00"
94;BRD-A02303741;0;"1970-01-02 00:00:00";"1970-01-02 00:00:00"
95;"BRD-A02303741:carboplatin (1:1 mol/mol)";0;"1970-01-02 00:00:00";"1970-01-02 00:00:00"
96;"BRD-A02303741:navitoclax (2:1 mol/mol)";0;"1970-01-02 00:00:00";"1970-01-02 00:00:00"
97;BRD-A05715709;0;"1970-01-02 00:00:00";"1970-01-02 00:00:00"
98;BRD-A71883111;0;"1970-01-02 00:00:00";"1970-01-02 00:00:00"
99;BRD-A86708339;0;"1970-01-02 00:00:00";"1970-01-02 00:00:00"
100;BRD-A94377914;0;"1970-01-02 00:00:00";"1970-01-02 00:00:00"
101;BRD-K01737880;0;"1970-01-02 00:00:00";"1970-01-02 00:00:00"
102;BRD-K02251932;0;"1970-01-02 00:00:00";"1970-01-02 00:00:00"
103;BRD-K02492147;0;"1970-01-02 00:00:00";"1970-01-02 00:00:00"
104;BRD-K03536150;0;"1970-01-02 00:00:00";"1970-01-02 00:00:00"
105;BRD-K03911514;0;"1970-01-02 00:00:00";"1970-01-02 00:00:00"
106;BRD-K04800985;0;"1970-01-02 00:00:00";"1970-01-02 00:00:00"
107;BRD-K07442505;0;"1970-01-02 00:00:00";"1970-01-02 00:00:00"
108;BRD-K09344309;0;"1970-01-02 00:00:00";"1970-01-02 00:00:00"
109;BRD-K09587429;0;"1970-01-02 00:00:00";"1970-01-02 00:00:00"
110;BRD-K11533227;0;"1970-01-02 00:00:00";"1970-01-02 00:00:00"
111;BRD-K13185470;0;"1970-01-02 00:00:00";"1970-01-02 00:00:00"
112;BRD-K13999467;0;"1970-01-02 00:00:00";"1970-01-02 00:00:00"
113;BRD-K14844214;0;"1970-01-02 00:00:00";"1970-01-02 00:00:00"
114;BRD-K16130065;0;"1970-01-02 00:00:00";"1970-01-02 00:00:00"
115;BRD-K16147474;0;"1970-01-02 00:00:00";"1970-01-02 00:00:00"
116;BRD-K17060750;0;"1970-01-02 00:00:00";"1970-01-02 00:00:00"
117;BRD-K19103580;0;"1970-01-02 00:00:00";"1970-01-02 00:00:00"
118;BRD-K20514654;0;"1970-01-02 00:00:00";"1970-01-02 00:00:00"
119;BRD-K24690302;0;"1970-01-02 00:00:00";"1970-01-02 00:00:00"
120;BRD-K26531177;0;"1970-01-02 00:00:00";"1970-01-02 00:00:00"
121;BRD-K27188169;0;"1970-01-02 00:00:00";"1970-01-02 00:00:00"
122;"BRD-K27188169:navitoclax (2:1 mol/mol)";0;"1970-01-02 00:00:00";"1970-01-02 00:00:00"
123;BRD-K27224038;0;"1970-01-02 00:00:00";"1970-01-02 00:00:00"
124;BRD-K27986637;0;"1970-01-02 00:00:00";"1970-01-02 00:00:00"
125;BRD-K28456706;0;"1970-01-02 00:00:00";"1970-01-02 00:00:00"
126;BRD-K29086754;0;"1970-01-02 00:00:00";"1970-01-02 00:00:00"
127;BRD-K29313308;0;"1970-01-02 00:00:00";"1970-01-02 00:00:00"
128;BRD-K30019337;0;"1970-01-02 00:00:00";"1970-01-02 00:00:00"
129;BRD-K30748066;0;"1970-01-02 00:00:00";"1970-01-02 00:00:00"
130;BRD-K33199242;0;"1970-01-02 00:00:00";"1970-01-02 00:00:00"
131;BRD-K33514849;0;"1970-01-02 00:00:00";"1970-01-02 00:00:00"
132;BRD-K34099515;0;"1970-01-02 00:00:00";"1970-01-02 00:00:00"
133;BRD-K34222889;0;"1970-01-02 00:00:00";"1970-01-02 00:00:00"
134;BRD-K34485477;0;"1970-01-02 00:00:00";"1970-01-02 00:00:00"
135;BRD-K35604418;0;"1970-01-02 00:00:00";"1970-01-02 00:00:00"
136;BRD-K37390332;0;"1970-01-02 00:00:00";"1970-01-02 00:00:00"
137;BRD-K41334119;0;"1970-01-02 00:00:00";"1970-01-02 00:00:00"
138;BRD-K41597374;0;"1970-01-02 00:00:00";"1970-01-02 00:00:00"
139;BRD-K42260513;0;"1970-01-02 00:00:00";"1970-01-02 00:00:00"
140;BRD-K44224150;0;"1970-01-02 00:00:00";"1970-01-02 00:00:00"
141;BRD-K45681478;0;"1970-01-02 00:00:00";"1970-01-02 00:00:00"
142;BRD-K48334597;0;"1970-01-02 00:00:00";"1970-01-02 00:00:00"
143;BRD-K48477130;0;"1970-01-02 00:00:00";"1970-01-02 00:00:00"
144;BRD-K49290616;0;"1970-01-02 00:00:00";"1970-01-02 00:00:00"
145;BRD-K50799972;0;"1970-01-02 00:00:00";"1970-01-02 00:00:00"
146;BRD-K51490254;0;"1970-01-02 00:00:00";"1970-01-02 00:00:00"
147;BRD-K51831558;0;"1970-01-02 00:00:00";"1970-01-02 00:00:00"
148;BRD-K52037352;0;"1970-01-02 00:00:00";"1970-01-02 00:00:00"
149;BRD-K55116708;0;"1970-01-02 00:00:00";"1970-01-02 00:00:00"
150;BRD-K55473186;0;"1970-01-02 00:00:00";"1970-01-02 00:00:00"
151;BRD-K58730230;0;"1970-01-02 00:00:00";"1970-01-02 00:00:00"
152;BRD-K61166597;0;"1970-01-02 00:00:00";"1970-01-02 00:00:00"
153;BRD-K63431240;0;"1970-01-02 00:00:00";"1970-01-02 00:00:00"
154;BRD-K64610608;0;"1970-01-02 00:00:00";"1970-01-02 00:00:00"
155;BRD-K66453893;0;"1970-01-02 00:00:00";"1970-01-02 00:00:00"
156;BRD-K66532283;0;"1970-01-02 00:00:00";"1970-01-02 00:00:00"
157;BRD-K70511574;0;"1970-01-02 00:00:00";"1970-01-02 00:00:00"
158;BRD-K71781559;0;"1970-01-02 00:00:00";"1970-01-02 00:00:00"
159;BRD-K71935468;0;"1970-01-02 00:00:00";"1970-01-02 00:00:00"
160;BRD-K75293299;0;"1970-01-02 00:00:00";"1970-01-02 00:00:00"
161;BRD-K78574327;0;"1970-01-02 00:00:00";"1970-01-02 00:00:00"
162;BRD-K79669418;0;"1970-01-02 00:00:00";"1970-01-02 00:00:00"
163;BRD-K80183349;0;"1970-01-02 00:00:00";"1970-01-02 00:00:00"
164;BRD-K84807411;0;"1970-01-02 00:00:00";"1970-01-02 00:00:00"
165;BRD-K85133207;0;"1970-01-02 00:00:00";"1970-01-02 00:00:00"
166;BRD-K86535717;0;"1970-01-02 00:00:00";"1970-01-02 00:00:00"
167;BRD-K88742110;0;"1970-01-02 00:00:00";"1970-01-02 00:00:00"
168;BRD-K90370028;0;"1970-01-02 00:00:00";"1970-01-02 00:00:00"
169;BRD-K92856060;0;"1970-01-02 00:00:00";"1970-01-02 00:00:00"
170;BRD-K94991378;0;"1970-01-02 00:00:00";"1970-01-02 00:00:00"
171;BRD-K96431673;0;"1970-01-02 00:00:00";"1970-01-02 00:00:00"
172;BRD-K96970199;0;"1970-01-02 00:00:00";"1970-01-02 00:00:00"
173;BRD-K97651142;0;"1970-01-02 00:00:00";"1970-01-02 00:00:00"
174;BRD-K99006945;0;"1970-01-02 00:00:00";"1970-01-02 00:00:00"
175;BRD-K99584050;0;"1970-01-02 00:00:00";"1970-01-02 00:00:00"
176;BRD-M00053801;0;"1970-01-02 00:00:00";"1970-01-02 00:00:00"
177;BRD1812;0;"1970-01-02 00:00:00";"1970-01-02 00:00:00"
178;BRD1835;0;"1970-01-02 00:00:00";"1970-01-02 00:00:00"
179;BRD4132;0;"1970-01-02 00:00:00";"1970-01-02 00:00:00"
180;BRD6340;0;"1970-01-02 00:00:00";"1970-01-02 00:00:00"
181;BRD8899;0;"1970-01-02 00:00:00";"1970-01-02 00:00:00"
182;BRD8958;0;"1970-01-02 00:00:00";"1970-01-02 00:00:00"
183;BRD9647;0;"1970-01-02 00:00:00";"1970-01-02 00:00:00"
184;BRD9876;0;"1970-01-02 00:00:00";"1970-01-02 00:00:00"
185;"BRD9876:MK-1775 (4:1 mol/mol)";0;"1970-01-02 00:00:00";"1970-01-02 00:00:00"
186;"brefeldin A";0;"1970-01-02 00:00:00";"1970-01-02 00:00:00"
187;brivanib;0;"1970-01-02 00:00:00";"1970-01-02 00:00:00"
188;"Bryostatin 1";0;"1970-01-02 00:00:00";"1970-01-02 00:00:00"
189;BX-795;0;"1970-01-02 00:00:00";"1970-01-02 00:00:00"
190;BX-912;0;"1970-01-02 00:00:00";"1970-01-02 00:00:00"
191;BYL-719;0;"1970-01-02 00:00:00";"1970-01-02 00:00:00"
192;C6-ceramide;0;"1970-01-02 00:00:00";"1970-01-02 00:00:00"
193;cabozantinib;1;"1970-01-02 00:00:00";"1970-01-02 00:00:00"
194;CAL-101;0;"1970-01-02 00:00:00";"1970-01-02 00:00:00"
195;Camptothecin;0;"1970-01-02 00:00:00";"1970-01-02 00:00:00"
196;canertinib;0;"1970-01-02 00:00:00";"1970-01-02 00:00:00"
197;Carboplatin;1;"1970-01-02 00:00:00";"1970-01-02 00:00:00"
198;"carboplatin:etoposide (40:17 mol/mol)";0;"1970-01-02 00:00:00";"1970-01-02 00:00:00"
199;"carboplatin:UNC0638 (2:1 mol/mol)";0;"1970-01-02 00:00:00";"1970-01-02 00:00:00"
200;CAY10576;0;"1970-01-02 00:00:00";"1970-01-02 00:00:00"
201;CAY10594;0;"1970-01-02 00:00:00";"1970-01-02 00:00:00"
202;CAY10603;0;"1970-01-02 00:00:00";"1970-01-02 00:00:00"
203;CAY10618;0;"1970-01-02 00:00:00";"1970-01-02 00:00:00"
204;CBB-1007;0;"1970-01-02 00:00:00";"1970-01-02 00:00:00"
205;CCT007093;0;"1970-01-02 00:00:00";"1970-01-02 00:00:00"
206;CCT018159;0;"1970-01-02 00:00:00";"1970-01-02 00:00:00"
207;CCT036477;0;"1970-01-02 00:00:00";"1970-01-02 00:00:00"
208;CD-1530;0;"1970-01-02 00:00:00";"1970-01-02 00:00:00"
209;CD-437;0;"1970-01-02 00:00:00";"1970-01-02 00:00:00"
210;cediranib;0;"1970-01-02 00:00:00";"1970-01-02 00:00:00"
211;CEP-701;0;"1970-01-02 00:00:00";"1970-01-02 00:00:00"
212;ceranib-2;0;"1970-01-02 00:00:00";"1970-01-02 00:00:00"
213;Cerulenin;0;"1970-01-02 00:00:00";"1970-01-02 00:00:00"
214;Cetuximab;1;"1970-01-02 00:00:00";"1970-01-02 00:00:00"
215;CGC-11047;0;"1970-01-02 00:00:00";"1970-01-02 00:00:00"
216;CGC-11144;0;"1970-01-02 00:00:00";"1970-01-02 00:00:00"
217;CGP-082996;0;"1970-01-02 00:00:00";"1970-01-02 00:00:00"
218;CGP-60474;0;"1970-01-02 00:00:00";"1970-01-02 00:00:00"
219;Ch-55;0;"1970-01-02 00:00:00";"1970-01-02 00:00:00"
220;CH5424802;0;"1970-01-02 00:00:00";"1970-01-02 00:00:00"
221;CHEMBL1222381;0;"1970-01-02 00:00:00";"1970-01-02 00:00:00"
222;CHEMBL374350;0;"1970-01-02 00:00:00";"1970-01-02 00:00:00"
223;CHIR-99021;0;"1970-01-02 00:00:00";"1970-01-02 00:00:00"
224;chlorambucil;1;"1970-01-02 00:00:00";"1970-01-02 00:00:00"
225;CHM-1;0;"1970-01-02 00:00:00";"1970-01-02 00:00:00"
226;CI-1040;0;"1970-01-02 00:00:00";"1970-01-02 00:00:00"
227;CI-976;0;"1970-01-02 00:00:00";"1970-01-02 00:00:00"
228;ciclopirox;1;"1970-01-02 00:00:00";"1970-01-02 00:00:00"
229;ciclosporin;0;"1970-01-02 00:00:00";"1970-01-02 00:00:00"
230;CID-5951923;0;"1970-01-02 00:00:00";"1970-01-02 00:00:00"
231;CIL41;0;"1970-01-02 00:00:00";"1970-01-02 00:00:00"
232;CIL55;0;"1970-01-02 00:00:00";"1970-01-02 00:00:00"
233;CIL55A;0;"1970-01-02 00:00:00";"1970-01-02 00:00:00"
234;CIL56;0;"1970-01-02 00:00:00";"1970-01-02 00:00:00"
235;CIL70;0;"1970-01-02 00:00:00";"1970-01-02 00:00:00"
236;cimetidine;1;"1970-01-02 00:00:00";"1970-01-02 00:00:00"
237;Cisplatin;1;"1970-01-02 00:00:00";"1970-01-02 00:00:00"
238;clofarabine;1;"1970-01-02 00:00:00";"1970-01-02 00:00:00"
239;CMK;0;"1970-01-02 00:00:00";"1970-01-02 00:00:00"
240;COL-3;0;"1970-01-02 00:00:00";"1970-01-02 00:00:00"
241;"Compound 1541A";0;"1970-01-02 00:00:00";"1970-01-02 00:00:00"
242;"compound 1B";0;"1970-01-02 00:00:00";"1970-01-02 00:00:00"
243;"Compound 23 citrate";0;"1970-01-02 00:00:00";"1970-01-02 00:00:00"
244;"Compound 7d-cis";0;"1970-01-02 00:00:00";"1970-01-02 00:00:00"
245;CP466722;0;"1970-01-02 00:00:00";"1970-01-02 00:00:00"
246;CP724714;0;"1970-01-02 00:00:00";"1970-01-02 00:00:00"
247;CR-1-31B;0;"1970-01-02 00:00:00";"1970-01-02 00:00:00"
248;Crizotinib;1;"1970-01-02 00:00:00";"1970-01-02 00:00:00"
249;"crizotinib:PLX-4032 (2:1 mol/mol)";0;"1970-01-02 00:00:00";"1970-01-02 00:00:00"
250;"cucurbitacin I";0;"1970-01-02 00:00:00";"1970-01-02 00:00:00"
251;CUDC-101;0;"1970-01-02 00:00:00";"1970-01-02 00:00:00"
252;Curcumin;0;"1970-01-02 00:00:00";"1970-01-02 00:00:00"
253;CX-5461;0;"1970-01-02 00:00:00";"1970-01-02 00:00:00"
254;"cyanoquinoline 11";0;"1970-01-02 00:00:00";"1970-01-02 00:00:00"
255;Cyclopamine;0;"1970-01-02 00:00:00";"1970-01-02 00:00:00"
256;Cyclophosphamide;1;"1970-01-02 00:00:00";"1970-01-02 00:00:00"
257;Cytarabine;0;"1970-01-02 00:00:00";"1970-01-02 00:00:00"
258;"cytochalasin b";0;"1970-01-02 00:00:00";"1970-01-02 00:00:00"
259;dabrafenib;1;"1970-01-02 00:00:00";"1970-01-02 00:00:00"
260;dacarbazine;1;"1970-01-02 00:00:00";"1970-01-02 00:00:00"
261;darinaparsin;0;"1970-01-02 00:00:00";"1970-01-02 00:00:00"
262;Dasatinib;1;"1970-01-02 00:00:00";"1970-01-02 00:00:00"
263;DBeQ;0;"1970-01-02 00:00:00";"1970-01-02 00:00:00"
264;decitabine;1;"1970-01-02 00:00:00";"1970-01-02 00:00:00"
265;"decitabine:carboplatin (1:1 mol/mol)";0;"1970-01-02 00:00:00";"1970-01-02 00:00:00"
266;"decitabine:navitoclax (2:1 mol/mol)";0;"1970-01-02 00:00:00";"1970-01-02 00:00:00"
267;dexamethasone;1;"1970-01-02 00:00:00";"1970-01-02 00:00:00"
268;dinaciclib;0;"1970-01-02 00:00:00";"1970-01-02 00:00:00"
269;Disulfiram;1;"1970-01-02 00:00:00";"1970-01-02 00:00:00"
270;DMOG;0;"1970-01-02 00:00:00";"1970-01-02 00:00:00"
271;Docetaxel;1;"1970-01-02 00:00:00";"1970-01-02 00:00:00"
272;"docetaxel:tanespimycin (2:1 mol/mol)";0;"1970-01-02 00:00:00";"1970-01-02 00:00:00"
273;Doxorubicin;1;"1970-01-02 00:00:00";"1970-01-02 00:00:00"
274;"doxorubicin:navitoclax (2:1 mol/mol)";0;"1970-01-02 00:00:00";"1970-01-02 00:00:00"
275;"EHT 1864";0;"1970-01-02 00:00:00";"1970-01-02 00:00:00"
276;EKB-569;0;"1970-01-02 00:00:00";"1970-01-02 00:00:00"
277;ELCPK;0;"1970-01-02 00:00:00";"1970-01-02 00:00:00"
278;Elesclomol;0;"1970-01-02 00:00:00";"1970-01-02 00:00:00"
279;elocalcitol;0;"1970-01-02 00:00:00";"1970-01-02 00:00:00"
280;embelin;1;"1970-01-02 00:00:00";"1970-01-02 00:00:00"
281;epigallocatechin-3-monogallate;0;"1970-01-02 00:00:00";"1970-01-02 00:00:00"
282;Epirubicin;1;"1970-01-02 00:00:00";"1970-01-02 00:00:00"
283;"Epothilone B";0;"1970-01-02 00:00:00";"1970-01-02 00:00:00"
284;erastin;0;"1970-01-02 00:00:00";"1970-01-02 00:00:00"
285;erismodegib;0;"1970-01-02 00:00:00";"1970-01-02 00:00:00"
286;"ERKi II (FR180304)";0;"1970-01-02 00:00:00";"1970-01-02 00:00:00"
287;Erlotinib;1;"1970-01-02 00:00:00";"1970-01-02 00:00:00"
288;"erlotinib:PLX-4032 (2:1 mol/mol)";0;"1970-01-02 00:00:00";"1970-01-02 00:00:00"
289;etomoxir;0;"1970-01-02 00:00:00";"1970-01-02 00:00:00"
290;etoposide;1;"1970-01-02 00:00:00";"1970-01-02 00:00:00"
291;ETP-46464;0;"1970-01-02 00:00:00";"1970-01-02 00:00:00"
292;Everolimus;1;"1970-01-02 00:00:00";"1970-01-02 00:00:00"
293;EX-527;0;"1970-01-02 00:00:00";"1970-01-02 00:00:00"
294;Fascaplysin;0;"1970-01-02 00:00:00";"1970-01-02 00:00:00"
295;FGIN-1-27;0;"1970-01-02 00:00:00";"1970-01-02 00:00:00"
296;FH535;0;"1970-01-02 00:00:00";"1970-01-02 00:00:00"
297;fingolimod;1;"1970-01-02 00:00:00";"1970-01-02 00:00:00"
298;FK866;0;"1970-01-02 00:00:00";"1970-01-02 00:00:00"
299;fluvastatin;1;"1970-01-02 00:00:00";"1970-01-02 00:00:00"
300;FMK;0;"1970-01-02 00:00:00";"1970-01-02 00:00:00"
301;foretinib;0;"1970-01-02 00:00:00";"1970-01-02 00:00:00"
302;FQI-1;0;"1970-01-02 00:00:00";"1970-01-02 00:00:00"
303;FQI-2;0;"1970-01-02 00:00:00";"1970-01-02 00:00:00"
304;FR-180204;0;"1970-01-02 00:00:00";"1970-01-02 00:00:00"
305;FSC231;0;"1970-01-02 00:00:00";"1970-01-02 00:00:00"
306;"FTase inhibitor I";0;"1970-01-02 00:00:00";"1970-01-02 00:00:00"
307;FTI-277;0;"1970-01-02 00:00:00";"1970-01-02 00:00:00"
308;fulvestrant;1;"1970-01-02 00:00:00";"1970-01-02 00:00:00"
309;"Fumonisin B1";0;"1970-01-02 00:00:00";"1970-01-02 00:00:00"
310;GANT-61;0;"1970-01-02 00:00:00";"1970-01-02 00:00:00"
311;GDC-0449;1;"1970-01-02 00:00:00";"1970-01-02 00:00:00"
312;GDC-0879;0;"1970-01-02 00:00:00";"1970-01-02 00:00:00"
313;GDC-0941;0;"1970-01-02 00:00:00";"1970-01-02 00:00:00"
314;Gefitinib;1;"1970-01-02 00:00:00";"1970-01-02 00:00:00"
315;Geldanamycin;0;"1970-01-02 00:00:00";"1970-01-02 00:00:00"
316;Gemcitabine;1;"1970-01-02 00:00:00";"1970-01-02 00:00:00"
317;"Genentech Cpd 10";0;"1970-01-02 00:00:00";"1970-01-02 00:00:00"
318;"Glycyl H1152";0;"1970-01-02 00:00:00";"1970-01-02 00:00:00"
319;GMX-1778;0;"1970-01-02 00:00:00";"1970-01-02 00:00:00"
320;GNF-2;0;"1970-01-02 00:00:00";"1970-01-02 00:00:00"
321;gossypol;0;"1970-01-02 00:00:00";"1970-01-02 00:00:00"
322;GSK-1904529A;0;"1970-01-02 00:00:00";"1970-01-02 00:00:00"
323;"GSK-3 inhibitor IX";0;"1970-01-02 00:00:00";"1970-01-02 00:00:00"
324;GSK-650394;0;"1970-01-02 00:00:00";"1970-01-02 00:00:00"
325;GSK-J4;0;"1970-01-02 00:00:00";"1970-01-02 00:00:00"
326;GSK1059615;0;"1970-01-02 00:00:00";"1970-01-02 00:00:00"
327;GSK1059868;0;"1970-01-02 00:00:00";"1970-01-02 00:00:00"
328;GSK1070916;0;"1970-01-02 00:00:00";"1970-01-02 00:00:00"
329;GSK1120212;1;"1970-01-02 00:00:00";"1970-01-02 00:00:00"
330;GSK1838705;0;"1970-01-02 00:00:00";"1970-01-02 00:00:00"
331;GSK2119563;0;"1970-01-02 00:00:00";"1970-01-02 00:00:00"
332;GSK2126458;0;"1970-01-02 00:00:00";"1970-01-02 00:00:00"
333;GSK2141795;0;"1970-01-02 00:00:00";"1970-01-02 00:00:00"
334;GSK2636771;0;"1970-01-02 00:00:00";"1970-01-02 00:00:00"
335;GSK269962A;0;"1970-01-02 00:00:00";"1970-01-02 00:00:00"
336;GSK4112;0;"1970-01-02 00:00:00";"1970-01-02 00:00:00"
337;GSK429286A;0;"1970-01-02 00:00:00";"1970-01-02 00:00:00"
338;GSK461364;0;"1970-01-02 00:00:00";"1970-01-02 00:00:00"
339;GSK525762A;0;"1970-01-02 00:00:00";"1970-01-02 00:00:00"
340;GSK690693;0;"1970-01-02 00:00:00";"1970-01-02 00:00:00"
341;GSK923295;0;"1970-01-02 00:00:00";"1970-01-02 00:00:00"
342;"GW 441756";0;"1970-01-02 00:00:00";"1970-01-02 00:00:00"
343;GW-2580;0;"1970-01-02 00:00:00";"1970-01-02 00:00:00"
344;GW-405833;0;"1970-01-02 00:00:00";"1970-01-02 00:00:00"
345;GW843682X;0;"1970-01-02 00:00:00";"1970-01-02 00:00:00"
346;HBX-41108;0;"1970-01-02 00:00:00";"1970-01-02 00:00:00"
347;HC-067047;0;"1970-01-02 00:00:00";"1970-01-02 00:00:00"
348;HG-5-113-01;0;"1970-01-02 00:00:00";"1970-01-02 00:00:00"
349;HG-5-88-01;0;"1970-01-02 00:00:00";"1970-01-02 00:00:00"
350;HG-6-64-1;0;"1970-01-02 00:00:00";"1970-01-02 00:00:00"
351;"HLI 373";0;"1970-01-02 00:00:00";"1970-01-02 00:00:00"
352;hyperforin;0;"1970-01-02 00:00:00";"1970-01-02 00:00:00"
353;I-BET-762;0;"1970-01-02 00:00:00";"1970-01-02 00:00:00"
354;I-BET151;0;"1970-01-02 00:00:00";"1970-01-02 00:00:00"
355;"Ibandronate sodium salt";0;"1970-01-02 00:00:00";"1970-01-02 00:00:00"
356;ibrutinib;1;"1970-01-02 00:00:00";"1970-01-02 00:00:00"
357;IC-87114;0;"1970-01-02 00:00:00";"1970-01-02 00:00:00"
358;ICRF-193;0;"1970-01-02 00:00:00";"1970-01-02 00:00:00"
359;ifosfamide;1;"1970-01-02 00:00:00";"1970-01-02 00:00:00"
360;IKK.16;0;"1970-01-02 00:00:00";"1970-01-02 00:00:00"
361;Imatinib;1;"1970-01-02 00:00:00";"1970-01-02 00:00:00"
362;importazole;0;"1970-01-02 00:00:00";"1970-01-02 00:00:00"
363;indisulam;0;"1970-01-02 00:00:00";"1970-01-02 00:00:00"
364;IOX2;0;"1970-01-02 00:00:00";"1970-01-02 00:00:00"
365;IPA-3;0;"1970-01-02 00:00:00";"1970-01-02 00:00:00"
366;IPR-456;0;"1970-01-02 00:00:00";"1970-01-02 00:00:00"
367;Irinotecan;1;"1970-01-02 00:00:00";"1970-01-02 00:00:00"
368;isoevodiamine;0;"1970-01-02 00:00:00";"1970-01-02 00:00:00"
369;isoliquiritigenin;0;"1970-01-02 00:00:00";"1970-01-02 00:00:00"
370;"isonicotinohydroxamic acid";0;"1970-01-02 00:00:00";"1970-01-02 00:00:00"
371;ISOX;1;"1970-01-02 00:00:00";"1970-01-02 00:00:00"
372;"ISOX:bortezomib (250:1 mol/mol)";0;"1970-01-02 00:00:00";"1970-01-02 00:00:00"
373;Ispinesib;0;"1970-01-02 00:00:00";"1970-01-02 00:00:00"
374;"Ispinesib Mesylate";0;"1970-01-02 00:00:00";"1970-01-02 00:00:00"
375;istradefylline;0;"1970-01-02 00:00:00";"1970-01-02 00:00:00"
376;itraconazole;1;"1970-01-02 00:00:00";"1970-01-02 00:00:00"
377;IU1;0;"1970-01-02 00:00:00";"1970-01-02 00:00:00"
378;Ixabepilone;1;"1970-01-02 00:00:00";"1970-01-02 00:00:00"
379;JNJ-26854165;0;"1970-01-02 00:00:00";"1970-01-02 00:00:00"
380;"JNK Inhibitor VIII";0;"1970-01-02 00:00:00";"1970-01-02 00:00:00"
381;JNK-9L;0;"1970-01-02 00:00:00";"1970-01-02 00:00:00"
382;JQ-1;0;"1970-01-02 00:00:00";"1970-01-02 00:00:00"
383;"JQ-1:carboplatin (1:1 mol/mol)";0;"1970-01-02 00:00:00";"1970-01-02 00:00:00"
384;"JQ-1:MK-0752 (1:1 mol/mol)";0;"1970-01-02 00:00:00";"1970-01-02 00:00:00"
385;"JQ-1:navitoclax (2:1 mol/mol)";0;"1970-01-02 00:00:00";"1970-01-02 00:00:00"
386;"JQ-1:UNC0638 (2:1 mol/mol)";0;"1970-01-02 00:00:00";"1970-01-02 00:00:00"
387;"JQ-1:vorinostat (2:1 mol/mol)";0;"1970-01-02 00:00:00";"1970-01-02 00:00:00"
388;JQ12;0;"1970-01-02 00:00:00";"1970-01-02 00:00:00"
389;JW-480;0;"1970-01-02 00:00:00";"1970-01-02 00:00:00"
390;JW-55;0;"1970-01-02 00:00:00";"1970-01-02 00:00:00"
391;JW-7-24-1;0;"1970-01-02 00:00:00";"1970-01-02 00:00:00"
392;JW-7-52-1;0;"1970-01-02 00:00:00";"1970-01-02 00:00:00"
393;JW-74;0;"1970-01-02 00:00:00";"1970-01-02 00:00:00"
394;KH-CB19;0;"1970-01-02 00:00:00";"1970-01-02 00:00:00"
395;KHS101;0;"1970-01-02 00:00:00";"1970-01-02 00:00:00"
396;Ki8751;0;"1970-01-02 00:00:00";"1970-01-02 00:00:00"
397;KIN001-055;0;"1970-01-02 00:00:00";"1970-01-02 00:00:00"
398;KIN001-102;0;"1970-01-02 00:00:00";"1970-01-02 00:00:00"
399;KIN001-135;0;"1970-01-02 00:00:00";"1970-01-02 00:00:00"
400;KIN001-236;0;"1970-01-02 00:00:00";"1970-01-02 00:00:00"
401;KIN001-244;0;"1970-01-02 00:00:00";"1970-01-02 00:00:00"
402;KIN001-260;0;"1970-01-02 00:00:00";"1970-01-02 00:00:00"
403;KIN001-266;0;"1970-01-02 00:00:00";"1970-01-02 00:00:00"
404;KIN001-270;0;"1970-01-02 00:00:00";"1970-01-02 00:00:00"
405;Ko-143;0;"1970-01-02 00:00:00";"1970-01-02 00:00:00"
406;KPT185;0;"1970-01-02 00:00:00";"1970-01-02 00:00:00"
407;"KU 0060648";0;"1970-01-02 00:00:00";"1970-01-02 00:00:00"
408;KU-0063794;0;"1970-01-02 00:00:00";"1970-01-02 00:00:00"
409;KU-55933;0;"1970-01-02 00:00:00";"1970-01-02 00:00:00"
410;KU-60019;0;"1970-01-02 00:00:00";"1970-01-02 00:00:00"
411;KW-2449;0;"1970-01-02 00:00:00";"1970-01-02 00:00:00"
412;KX2-391;0;"1970-01-02 00:00:00";"1970-01-02 00:00:00"
413;L-685458;0;"1970-01-02 00:00:00";"1970-01-02 00:00:00"
414;L-779405;0;"1970-01-02 00:00:00";"1970-01-02 00:00:00"
415;lapatinib;1;"1970-01-02 00:00:00";"1970-01-02 00:00:00"
416;LAQ824;0;"1970-01-02 00:00:00";"1970-01-02 00:00:00"
417;LBW242;0;"1970-01-02 00:00:00";"1970-01-02 00:00:00"
418;LE-135;0;"1970-01-02 00:00:00";"1970-01-02 00:00:00"
419;lenalidomide;1;"1970-01-02 00:00:00";"1970-01-02 00:00:00"
420;lenvatinib;1;"1970-01-02 00:00:00";"1970-01-02 00:00:00"
421;"leptomycin B";0;"1970-01-02 00:00:00";"1970-01-02 00:00:00"
422;Lestaurtinib(CEP-701);0;"1970-01-02 00:00:00";"1970-01-02 00:00:00"
423;LFM-A13;0;"1970-01-02 00:00:00";"1970-01-02 00:00:00"
424;linifanib;0;"1970-01-02 00:00:00";"1970-01-02 00:00:00"
425;Lisitinib;0;"1970-01-02 00:00:00";"1970-01-02 00:00:00"
426;lomeguatrib;0;"1970-01-02 00:00:00";"1970-01-02 00:00:00"
427;lovastatin;1;"1970-01-02 00:00:00";"1970-01-02 00:00:00"
428;LRRK2-IN-1;0;"1970-01-02 00:00:00";"1970-01-02 00:00:00"
429;LY-2157299;0;"1970-01-02 00:00:00";"1970-01-02 00:00:00"
430;LY-2183240;0;"1970-01-02 00:00:00";"1970-01-02 00:00:00"
431;LY317615;0;"1970-01-02 00:00:00";"1970-01-02 00:00:00"
432;"manumycin A";0;"1970-01-02 00:00:00";"1970-01-02 00:00:00"
433;"marinopyrrole A";0;"1970-01-02 00:00:00";"1970-01-02 00:00:00"
434;masitinib;0;"1970-01-02 00:00:00";"1970-01-02 00:00:00"
435;Mdivi-1;0;"1970-01-02 00:00:00";"1970-01-02 00:00:00"
436;Mebendazole;1;"1970-01-02 00:00:00";"1970-01-02 00:00:00"
437;Merck60;0;"1970-01-02 00:00:00";"1970-01-02 00:00:00"
438;Methotrexate;1;"1970-01-02 00:00:00";"1970-01-02 00:00:00"
439;methylstat;0;"1970-01-02 00:00:00";"1970-01-02 00:00:00"
440;MG-132;0;"1970-01-02 00:00:00";"1970-01-02 00:00:00"
441;MGCD-265;0;"1970-01-02 00:00:00";"1970-01-02 00:00:00"
442;MI-1;0;"1970-01-02 00:00:00";"1970-01-02 00:00:00"
443;MI-2;0;"1970-01-02 00:00:00";"1970-01-02 00:00:00"
444;Midostaurin;1;"1970-01-02 00:00:00";"1970-01-02 00:00:00"
445;Mitomycin-C;1;"1970-01-02 00:00:00";"1970-01-02 00:00:00"
446;"MK 1775";0;"1970-01-02 00:00:00";"1970-01-02 00:00:00"
447;MK-0752;0;"1970-01-02 00:00:00";"1970-01-02 00:00:00"
448;MK-2206;0;"1970-01-02 00:00:00";"1970-01-02 00:00:00"
449;ML006;0;"1970-01-02 00:00:00";"1970-01-02 00:00:00"
450;ML031;0;"1970-01-02 00:00:00";"1970-01-02 00:00:00"
451;ML050;0;"1970-01-02 00:00:00";"1970-01-02 00:00:00"
452;ML083;0;"1970-01-02 00:00:00";"1970-01-02 00:00:00"
453;ML162;0;"1970-01-02 00:00:00";"1970-01-02 00:00:00"
454;ML203;0;"1970-01-02 00:00:00";"1970-01-02 00:00:00"
455;ML210;0;"1970-01-02 00:00:00";"1970-01-02 00:00:00"
456;ML239;0;"1970-01-02 00:00:00";"1970-01-02 00:00:00"
457;ML258;0;"1970-01-02 00:00:00";"1970-01-02 00:00:00"
458;ML311;0;"1970-01-02 00:00:00";"1970-01-02 00:00:00"
459;ML312;0;"1970-01-02 00:00:00";"1970-01-02 00:00:00"
460;ML320;0;"1970-01-02 00:00:00";"1970-01-02 00:00:00"
461;"ML334 diastereomer";0;"1970-01-02 00:00:00";"1970-01-02 00:00:00"
462;MLN2238;0;"1970-01-02 00:00:00";"1970-01-02 00:00:00"
463;MLN2480;0;"1970-01-02 00:00:00";"1970-01-02 00:00:00"
464;MLN4924;0;"1970-01-02 00:00:00";"1970-01-02 00:00:00"
465;momelotinib;0;"1970-01-02 00:00:00";"1970-01-02 00:00:00"
466;MP470;0;"1970-01-02 00:00:00";"1970-01-02 00:00:00"
467;MPS-1-IN-1;0;"1970-01-02 00:00:00";"1970-01-02 00:00:00"
468;MS-275;0;"1970-01-02 00:00:00";"1970-01-02 00:00:00"
469;MST-312;0;"1970-01-02 00:00:00";"1970-01-02 00:00:00"
470;myricetin;0;"1970-01-02 00:00:00";"1970-01-02 00:00:00"
471;myriocin;0;"1970-01-02 00:00:00";"1970-01-02 00:00:00"
472;N9-isopropylolomoucine;0;"1970-01-02 00:00:00";"1970-01-02 00:00:00"
473;nakiterpiosin;0;"1970-01-02 00:00:00";"1970-01-02 00:00:00"
474;narciclasine;0;"1970-01-02 00:00:00";"1970-01-02 00:00:00"
475;"navitoclax:birinapant (1:1 mol/mol)";0;"1970-01-02 00:00:00";"1970-01-02 00:00:00"
476;"navitoclax:gemcitabine (1:1 mol/mol)";0;"1970-01-02 00:00:00";"1970-01-02 00:00:00"
477;"navitoclax:MST-312 (1:1 mol/mol)";0;"1970-01-02 00:00:00";"1970-01-02 00:00:00"
478;"navitoclax:piperlongumine (1:1 mol/mol)";0;"1970-01-02 00:00:00";"1970-01-02 00:00:00"
479;"navitoclax:pluripotin (1:1 mol/mol)";0;"1970-01-02 00:00:00";"1970-01-02 00:00:00"
480;"navitoclax:PLX-4032 (1:1 mol/mol)";0;"1970-01-02 00:00:00";"1970-01-02 00:00:00"
481;"navitoclax:sorafenib (1:1 mol/mol)";0;"1970-01-02 00:00:00";"1970-01-02 00:00:00"
482;necrostatin-1;0;"1970-01-02 00:00:00";"1970-01-02 00:00:00"
483;necrostatin-7;0;"1970-01-02 00:00:00";"1970-01-02 00:00:00"
484;necrosulfonamide;0;"1970-01-02 00:00:00";"1970-01-02 00:00:00"
485;nelarabine;1;"1970-01-02 00:00:00";"1970-01-02 00:00:00"
486;Nelfivir;1;"1970-01-02 00:00:00";"1970-01-02 00:00:00"
487;neopeltolide;0;"1970-01-02 00:00:00";"1970-01-02 00:00:00"
488;neratinib;1;"1970-01-02 00:00:00";"1970-01-02 00:00:00"
489;NG-25;0;"1970-01-02 00:00:00";"1970-01-02 00:00:00"
490;niclosamide;1;"1970-01-02 00:00:00";"1970-01-02 00:00:00"
491;Nilotinib;1;"1970-01-02 00:00:00";"1970-01-02 00:00:00"
492;nintedanib;1;"1970-01-02 00:00:00";"1970-01-02 00:00:00"
493;NPC-26;0;"1970-01-02 00:00:00";"1970-01-02 00:00:00"
494;NPK76-II-72-1;0;"1970-01-02 00:00:00";"1970-01-02 00:00:00"
495;"NSC 74859";0;"1970-01-02 00:00:00";"1970-01-02 00:00:00"
496;NSC-207895;0;"1970-01-02 00:00:00";"1970-01-02 00:00:00"
497;NSC-87877;0;"1970-01-02 00:00:00";"1970-01-02 00:00:00"
498;NSC19630;0;"1970-01-02 00:00:00";"1970-01-02 00:00:00"
499;NSC23766;0;"1970-01-02 00:00:00";"1970-01-02 00:00:00"
500;NSC30930;0;"1970-01-02 00:00:00";"1970-01-02 00:00:00"
501;NSC48300;0;"1970-01-02 00:00:00";"1970-01-02 00:00:00"
502;NSC632839;0;"1970-01-02 00:00:00";"1970-01-02 00:00:00"
503;NSC663284;0;"1970-01-02 00:00:00";"1970-01-02 00:00:00"
504;NSC95397;0;"1970-01-02 00:00:00";"1970-01-02 00:00:00"
505;NU-7441;0;"1970-01-02 00:00:00";"1970-01-02 00:00:00"
506;NU6102;0;"1970-01-02 00:00:00";"1970-01-02 00:00:00"
507;Nutlin-3;0;"1970-01-02 00:00:00";"1970-01-02 00:00:00"
508;"Nutlin-3a (-)";0;"1970-01-02 00:00:00";"1970-01-02 00:00:00"
509;NVP-231;0;"1970-01-02 00:00:00";"1970-01-02 00:00:00"
510;NVP-ADW742;0;"1970-01-02 00:00:00";"1970-01-02 00:00:00"
511;NVP-BEZ235;0;"1970-01-02 00:00:00";"1970-01-02 00:00:00"
512;NVP-BSK805;0;"1970-01-02 00:00:00";"1970-01-02 00:00:00"
513;O-6-benzylguanine;0;"1970-01-02 00:00:00";"1970-01-02 00:00:00"
514;"Obatoclax Mesylate";0;"1970-01-02 00:00:00";"1970-01-02 00:00:00"
515;"oligomycin a";0;"1970-01-02 00:00:00";"1970-01-02 00:00:00"
516;"Olomoucine II";0;"1970-01-02 00:00:00";"1970-01-02 00:00:00"
517;"omacetaxine mepesuccinate ";1;"1970-01-02 00:00:00";"1970-01-02 00:00:00"
518;OSI-027;0;"1970-01-02 00:00:00";"1970-01-02 00:00:00"
519;OSI-906;0;"1970-01-02 00:00:00";"1970-01-02 00:00:00"
520;OSI-930;0;"1970-01-02 00:00:00";"1970-01-02 00:00:00"
521;OSU-03012;0;"1970-01-02 00:00:00";"1970-01-02 00:00:00"
522;ouabain;0;"1970-01-02 00:00:00";"1970-01-02 00:00:00"
523;Oxaliplatin;1;"1970-01-02 00:00:00";"1970-01-02 00:00:00"
524;Oxamflatin;0;"1970-01-02 00:00:00";"1970-01-02 00:00:00"
525;pac-1;0;"1970-01-02 00:00:00";"1970-01-02 00:00:00"
526;paclitaxel;1;"1970-01-02 00:00:00";"1970-01-02 00:00:00"
527;"palmostatin B";0;"1970-01-02 00:00:00";"1970-01-02 00:00:00"
528;pandacostat;0;"1970-01-02 00:00:00";"1970-01-02 00:00:00"
529;Panobinostat;0;"1970-01-02 00:00:00";"1970-01-02 00:00:00"
530;parbendazole;0;"1970-01-02 00:00:00";"1970-01-02 00:00:00"
531;Parthenolide;0;"1970-01-02 00:00:00";"1970-01-02 00:00:00"
532;pazopanib;1;"1970-01-02 00:00:00";"1970-01-02 00:00:00"
533;Pazopanib;1;"1970-01-02 00:00:00";"1970-01-02 00:00:00"
534;"PD 153035";0;"1970-01-02 00:00:00";"1970-01-02 00:00:00"
535;PD-0325901;0;"1970-01-02 00:00:00";"1970-01-02 00:00:00"
536;PD-0332991;1;"1970-01-02 00:00:00";"1970-01-02 00:00:00"
537;PD173074;0;"1970-01-02 00:00:00";"1970-01-02 00:00:00"
538;PD318088;0;"1970-01-02 00:00:00";"1970-01-02 00:00:00"
539;PD98059;0;"1970-01-02 00:00:00";"1970-01-02 00:00:00"
540;PDMP;0;"1970-01-02 00:00:00";"1970-01-02 00:00:00"
541;Pemetrexed;1;"1970-01-02 00:00:00";"1970-01-02 00:00:00"
542;PF-184;0;"1970-01-02 00:00:00";"1970-01-02 00:00:00"
543;PF-3084014;0;"1970-01-02 00:00:00";"1970-01-02 00:00:00"
544;PF-3758309;0;"1970-01-02 00:00:00";"1970-01-02 00:00:00"
545;PF-3814735;0;"1970-01-02 00:00:00";"1970-01-02 00:00:00"
546;PF-4691502;0;"1970-01-02 00:00:00";"1970-01-02 00:00:00"
547;PF-4708671;0;"1970-01-02 00:00:00";"1970-01-02 00:00:00"
548;"PF-4800567 hydrochloride";0;"1970-01-02 00:00:00";"1970-01-02 00:00:00"
549;PF-543;0;"1970-01-02 00:00:00";"1970-01-02 00:00:00"
550;PF-562271;0;"1970-01-02 00:00:00";"1970-01-02 00:00:00"
551;PF-573228;0;"1970-01-02 00:00:00";"1970-01-02 00:00:00"
552;PF-750;0;"1970-01-02 00:00:00";"1970-01-02 00:00:00"
553;PFI-1;0;"1970-01-02 00:00:00";"1970-01-02 00:00:00"
554;PHA-665752;0;"1970-01-02 00:00:00";"1970-01-02 00:00:00"
555;PHA-793887;0;"1970-01-02 00:00:00";"1970-01-02 00:00:00"
556;phenformin;0;"1970-01-02 00:00:00";"1970-01-02 00:00:00"
557;phloretin;0;"1970-01-02 00:00:00";"1970-01-02 00:00:00"
558;PI-103;0;"1970-01-02 00:00:00";"1970-01-02 00:00:00"
559;pifithrin-alpha;0;"1970-01-02 00:00:00";"1970-01-02 00:00:00"
560;pifithrin-mu;0;"1970-01-02 00:00:00";"1970-01-02 00:00:00"
561;PIK-93;0;"1970-01-02 00:00:00";"1970-01-02 00:00:00"
562;piperlongumine;0;"1970-01-02 00:00:00";"1970-01-02 00:00:00"
563;"piperlongumine:MST-312 (1:1 mol/mol)";0;"1970-01-02 00:00:00";"1970-01-02 00:00:00"
564;pitstop2;0;"1970-01-02 00:00:00";"1970-01-02 00:00:00"
565;PL-DI;0;"1970-01-02 00:00:00";"1970-01-02 00:00:00"
566;Platin;1;"1970-01-02 00:00:00";"1970-01-02 00:00:00"
567;pluripotin;0;"1970-01-02 00:00:00";"1970-01-02 00:00:00"
568;PLX-4032;0;"1970-01-02 00:00:00";"1970-01-02 00:00:00"
569;PLX4720;0;"1970-01-02 00:00:00";"1970-01-02 00:00:00"
570;prima-1;0;"1970-01-02 00:00:00";"1970-01-02 00:00:00"
571;PRIMA-1-Met;0;"1970-01-02 00:00:00";"1970-01-02 00:00:00"
572;"PRL-3 Inhibitor I";0;"1970-01-02 00:00:00";"1970-01-02 00:00:00"
573;procarbazine;1;"1970-01-02 00:00:00";"1970-01-02 00:00:00"
574;prochlorperazine;1;"1970-01-02 00:00:00";"1970-01-02 00:00:00"
575;purmorphamine;0;"1970-01-02 00:00:00";"1970-01-02 00:00:00"
576;"Purvalanol A";0;"1970-01-02 00:00:00";"1970-01-02 00:00:00"
577;PX-12;0;"1970-01-02 00:00:00";"1970-01-02 00:00:00"
578;PYR-41;0;"1970-01-02 00:00:00";"1970-01-02 00:00:00"
579;pyrazolanthrone;0;"1970-01-02 00:00:00";"1970-01-02 00:00:00"
580;Pyrimethamine;1;"1970-01-02 00:00:00";"1970-01-02 00:00:00"
581;QL-VIII-58;0;"1970-01-02 00:00:00";"1970-01-02 00:00:00"
582;QL-X-138;0;"1970-01-02 00:00:00";"1970-01-02 00:00:00"
583;QL-XI-92;0;"1970-01-02 00:00:00";"1970-01-02 00:00:00"
584;QL-XII-47;0;"1970-01-02 00:00:00";"1970-01-02 00:00:00"
585;QL-XII-61;0;"1970-01-02 00:00:00";"1970-01-02 00:00:00"
586;QS11;0;"1970-01-02 00:00:00";"1970-01-02 00:00:00"
587;quizartinib;0;"1970-01-02 00:00:00";"1970-01-02 00:00:00"
588;QW-BI-011;0;"1970-01-02 00:00:00";"1970-01-02 00:00:00"
589;R428;0;"1970-01-02 00:00:00";"1970-01-02 00:00:00"
590;RAF265;0;"1970-01-02 00:00:00";"1970-01-02 00:00:00"
591;Rapamycin;1;"1970-01-02 00:00:00";"1970-01-02 00:00:00"
592;RDEA119;0;"1970-01-02 00:00:00";"1970-01-02 00:00:00"
593;regorafenib;1;"1970-01-02 00:00:00";"1970-01-02 00:00:00"
594;"Repligen 136";0;"1970-01-02 00:00:00";"1970-01-02 00:00:00"
595;RG-108;0;"1970-01-02 00:00:00";"1970-01-02 00:00:00"
596;rigosertib;0;"1970-01-02 00:00:00";"1970-01-02 00:00:00"
597;RITA;1;"1970-01-02 00:00:00";"1970-01-02 00:00:00"
598;RO-3306;0;"1970-01-02 00:00:00";"1970-01-02 00:00:00"
599;RO4929097;0;"1970-01-02 00:00:00";"1970-01-02 00:00:00"
600;Roscovitine;0;"1970-01-02 00:00:00";"1970-01-02 00:00:00"
601;rTRAIL;0;"1970-01-02 00:00:00";"1970-01-02 00:00:00"
602;ruxolitinib;1;"1970-01-02 00:00:00";"1970-01-02 00:00:00"
603;S-Trityl-L-cysteine;0;"1970-01-02 00:00:00";"1970-01-02 00:00:00"
604;salermide;0;"1970-01-02 00:00:00";"1970-01-02 00:00:00"
605;"salermide:PLX-4032 (12:1 mol/mol)";0;"1970-01-02 00:00:00";"1970-01-02 00:00:00"
606;Salubrinal;0;"1970-01-02 00:00:00";"1970-01-02 00:00:00"
607;"SB 216763";0;"1970-01-02 00:00:00";"1970-01-02 00:00:00"
608;"SB 505124";0;"1970-01-02 00:00:00";"1970-01-02 00:00:00"
609;SB-225002;0;"1970-01-02 00:00:00";"1970-01-02 00:00:00"
610;SB-3CT;0;"1970-01-02 00:00:00";"1970-01-02 00:00:00"
611;SB-431542;0;"1970-01-02 00:00:00";"1970-01-02 00:00:00"
612;SB-525334;0;"1970-01-02 00:00:00";"1970-01-02 00:00:00"
613;SB-743921;0;"1970-01-02 00:00:00";"1970-01-02 00:00:00"
614;SB52334;0;"1970-01-02 00:00:00";"1970-01-02 00:00:00"
615;SB590885;0;"1970-01-02 00:00:00";"1970-01-02 00:00:00"
616;SCH-529074;0;"1970-01-02 00:00:00";"1970-01-02 00:00:00"
617;SCH-79797;0;"1970-01-02 00:00:00";"1970-01-02 00:00:00"
618;"selumetinib:BRD-A02303741 (4:1 mol/mol)";0;"1970-01-02 00:00:00";"1970-01-02 00:00:00"
619;"selumetinib:decitabine (4:1 mol/mol)";0;"1970-01-02 00:00:00";"1970-01-02 00:00:00"
620;"selumetinib:GDC-0941 (4:1 mol/mol)";0;"1970-01-02 00:00:00";"1970-01-02 00:00:00"
621;"selumetinib:JQ-1 (4:1 mol/mol)";0;"1970-01-02 00:00:00";"1970-01-02 00:00:00"
622;"selumetinib:MK-2206 (8:1 mol/mol)";0;"1970-01-02 00:00:00";"1970-01-02 00:00:00"
623;"selumetinib:navitoclax (8:1 mol/mol)";0;"1970-01-02 00:00:00";"1970-01-02 00:00:00"
624;"selumetinib:piperlongumine (8:1 mol/mol)";0;"1970-01-02 00:00:00";"1970-01-02 00:00:00"
625;"selumetinib:PLX-4032 (8:1 mol/mol)";0;"1970-01-02 00:00:00";"1970-01-02 00:00:00"
626;"selumetinib:tretinoin (2:1 mol/mol)";0;"1970-01-02 00:00:00";"1970-01-02 00:00:00"
627;"selumetinib:UNC0638 (4:1 mol/mol)";0;"1970-01-02 00:00:00";"1970-01-02 00:00:00"
628;"selumetinib:vorinostat (8:1 mol/mol)";0;"1970-01-02 00:00:00";"1970-01-02 00:00:00"
629;semagacestat;0;"1970-01-02 00:00:00";"1970-01-02 00:00:00"
630;serdemetan;0;"1970-01-02 00:00:00";"1970-01-02 00:00:00"
631;"serdemetan:SCH-529074 (1:1 mol/mol)";0;"1970-01-02 00:00:00";"1970-01-02 00:00:00"
632;SGC0946;0;"1970-01-02 00:00:00";"1970-01-02 00:00:00"
633;SGX-523;0;"1970-01-02 00:00:00";"1970-01-02 00:00:00"
634;shikonin;0;"1970-01-02 00:00:00";"1970-01-02 00:00:00"
635;"SID 26681509";0;"1970-01-02 00:00:00";"1970-01-02 00:00:00"
636;"Sigma AKT1-2 inhibitor";0;"1970-01-02 00:00:00";"1970-01-02 00:00:00"
637;Sildenafil;1;"1970-01-02 00:00:00";"1970-01-02 00:00:00"
638;silmitasertib;0;"1970-01-02 00:00:00";"1970-01-02 00:00:00"
639;simvastatin;1;"1970-01-02 00:00:00";"1970-01-02 00:00:00"
640;"sirolimus:bortezomib (250:1 mol/mol)";0;"1970-01-02 00:00:00";"1970-01-02 00:00:00"
641;sitagliptin;1;"1970-01-02 00:00:00";"1970-01-02 00:00:00"
642;SJ-172550;0;"1970-01-02 00:00:00";"1970-01-02 00:00:00"
643;skepinone-L;0;"1970-01-02 00:00:00";"1970-01-02 00:00:00"
644;SKI-II;0;"1970-01-02 00:00:00";"1970-01-02 00:00:00"
645;"SL 0101-1";0;"1970-01-02 00:00:00";"1970-01-02 00:00:00"
646;SMER-3;0;"1970-01-02 00:00:00";"1970-01-02 00:00:00"
647;SN-38;0;"1970-01-02 00:00:00";"1970-01-02 00:00:00"
648;SNS-032;0;"1970-01-02 00:00:00";"1970-01-02 00:00:00"
649;SNX-2112;0;"1970-01-02 00:00:00";"1970-01-02 00:00:00"
650;"SNX-2112:bortezomib (250:1 mol/mol)";0;"1970-01-02 00:00:00";"1970-01-02 00:00:00"
651;Sorafenib;1;"1970-01-02 00:00:00";"1970-01-02 00:00:00"
652;sotrastaurin;0;"1970-01-02 00:00:00";"1970-01-02 00:00:00"
653;spautin-1;0;"1970-01-02 00:00:00";"1970-01-02 00:00:00"
654;SR-II-138A;0;"1970-01-02 00:00:00";"1970-01-02 00:00:00"
655;SR1001;0;"1970-01-02 00:00:00";"1970-01-02 00:00:00"
656;SR8278;0;"1970-01-02 00:00:00";"1970-01-02 00:00:00"
657;SRT-1720;0;"1970-01-02 00:00:00";"1970-01-02 00:00:00"
658;staurosporine;0;"1970-01-02 00:00:00";"1970-01-02 00:00:00"
659;"StemRegenin 1";0;"1970-01-02 00:00:00";"1970-01-02 00:00:00"
660;STF-31;0;"1970-01-02 00:00:00";"1970-01-02 00:00:00"
661;STF-62247;0;"1970-01-02 00:00:00";"1970-01-02 00:00:00"
662;SU11274;0;"1970-01-02 00:00:00";"1970-01-02 00:00:00"
663;Sunitinib;1;"1970-01-02 00:00:00";"1970-01-02 00:00:00"
664;"Sunitinib Malate";1;"1970-01-02 00:00:00";"1970-01-02 00:00:00"
665;SZ4TA2;0;"1970-01-02 00:00:00";"1970-01-02 00:00:00"
666;T0901317;0;"1970-01-02 00:00:00";"1970-01-02 00:00:00"
667;tacedinaline;0;"1970-01-02 00:00:00";"1970-01-02 00:00:00"
668;tacrolimus;1;"1970-01-02 00:00:00";"1970-01-02 00:00:00"
669;TAE684;0;"1970-01-02 00:00:00";"1970-01-02 00:00:00"
670;TAK-715;0;"1970-01-02 00:00:00";"1970-01-02 00:00:00"
671;Talazoparib;0;"1970-01-02 00:00:00";"1970-01-02 00:00:00"
672;tamatinib;1;"1970-01-02 00:00:00";"1970-01-02 00:00:00"
673;Tamoxifen;1;"1970-01-02 00:00:00";"1970-01-02 00:00:00"
674;tandutinib;0;"1970-01-02 00:00:00";"1970-01-02 00:00:00"
675;"tanespimycin:bortezomib (250:1 mol/mol)";0;"1970-01-02 00:00:00";"1970-01-02 00:00:00"
676;"tanespimycin:gemcitabine (1:1 mol/mol)";0;"1970-01-02 00:00:00";"1970-01-02 00:00:00"
677;"TCS PIM-11";0;"1970-01-02 00:00:00";"1970-01-02 00:00:00"
678;"TCS2312 dihydrochloride";0;"1970-01-02 00:00:00";"1970-01-02 00:00:00"
679;temozolomide;1;"1970-01-02 00:00:00";"1970-01-02 00:00:00"
680;temsirolimus;1;"1970-01-02 00:00:00";"1970-01-02 00:00:00"
681;Teniposide;1;"1970-01-02 00:00:00";"1970-01-02 00:00:00"
682;TG-100-115;0;"1970-01-02 00:00:00";"1970-01-02 00:00:00"
683;TG-101348;0;"1970-01-02 00:00:00";"1970-01-02 00:00:00"
684;TGX221;0;"1970-01-02 00:00:00";"1970-01-02 00:00:00"
685;thalidomide;1;"1970-01-02 00:00:00";"1970-01-02 00:00:00"
686;thapsigargin;0;"1970-01-02 00:00:00";"1970-01-02 00:00:00"
687;THZ-2-102-1;0;"1970-01-02 00:00:00";"1970-01-02 00:00:00"
688;THZ-2-49;0;"1970-01-02 00:00:00";"1970-01-02 00:00:00"
689;tigecycline;1;"1970-01-02 00:00:00";"1970-01-02 00:00:00"
690;tipifarnib;0;"1970-01-02 00:00:00";"1970-01-02 00:00:00"
691;Tipifarnib;0;"1970-01-02 00:00:00";"1970-01-02 00:00:00"
692;tivantinib;0;"1970-01-02 00:00:00";"1970-01-02 00:00:00"
693;tivozanib;0;"1970-01-02 00:00:00";"1970-01-02 00:00:00"
694;TKI258;0;"1970-01-02 00:00:00";"1970-01-02 00:00:00"
695;TL-1-85;0;"1970-01-02 00:00:00";"1970-01-02 00:00:00"
696;TL-2-105;0;"1970-01-02 00:00:00";"1970-01-02 00:00:00"
697;Topotecan;1;"1970-01-02 00:00:00";"1970-01-02 00:00:00"
698;tosedostat;0;"1970-01-02 00:00:00";"1970-01-02 00:00:00"
699;TPCA-1;0;"1970-01-02 00:00:00";"1970-01-02 00:00:00"
700;"tretinoin:carboplatin (2:1 mol/mol)";0;"1970-01-02 00:00:00";"1970-01-02 00:00:00"
701;"tretinoin:navitoclax (4:1 mol/mol)";0;"1970-01-02 00:00:00";"1970-01-02 00:00:00"
702;triazolothiadiazine;0;"1970-01-02 00:00:00";"1970-01-02 00:00:00"
703;Trichostatin.A;0;"1970-01-02 00:00:00";"1970-01-02 00:00:00"
704;triciribine;0;"1970-01-02 00:00:00";"1970-01-02 00:00:00"
705;trifluoperazine;1;"1970-01-02 00:00:00";"1970-01-02 00:00:00"
706;triptolide;0;"1970-01-02 00:00:00";"1970-01-02 00:00:00"
707;"tubastatin A";0;"1970-01-02 00:00:00";"1970-01-02 00:00:00"
708;"TW 37";0;"1970-01-02 00:00:00";"1970-01-02 00:00:00"
709;"Tykerb:IGF1R (1:1)";0;"1970-01-02 00:00:00";"1970-01-02 00:00:00"
710;UNC0321;0;"1970-01-02 00:00:00";"1970-01-02 00:00:00"
711;UNC0638;0;"1970-01-02 00:00:00";"1970-01-02 00:00:00"
712;"UNC0638:navitoclax (1:1 mol/mol)";0;"1970-01-02 00:00:00";"1970-01-02 00:00:00"
713;UNC1215;0;"1970-01-02 00:00:00";"1970-01-02 00:00:00"
714;VAF-347;0;"1970-01-02 00:00:00";"1970-01-02 00:00:00"
715;valdecoxib;1;"1970-01-02 00:00:00";"1970-01-02 00:00:00"
716;Valproic.acid;1;"1970-01-02 00:00:00";"1970-01-02 00:00:00"
717;Vandetanib;1;"1970-01-02 00:00:00";"1970-01-02 00:00:00"
718;Velcade;1;"1970-01-02 00:00:00";"1970-01-02 00:00:00"
719;VER-155008;0;"1970-01-02 00:00:00";"1970-01-02 00:00:00"
720;Vinblastine;1;"1970-01-02 00:00:00";"1970-01-02 00:00:00"
721;vincristine;1;"1970-01-02 00:00:00";"1970-01-02 00:00:00"
722;Vinorelbine;1;"1970-01-02 00:00:00";"1970-01-02 00:00:00"
723;VNLG/124;0;"1970-01-02 00:00:00";"1970-01-02 00:00:00"
724;vorapaxar;1;"1970-01-02 00:00:00";"1970-01-02 00:00:00"
725;Vorinostat;1;"1970-01-02 00:00:00";"1970-01-02 00:00:00"
726;"vorinostat:carboplatin (1:1 mol/mol)";0;"1970-01-02 00:00:00";"1970-01-02 00:00:00"
727;"vorinostat:navitoclax (4:1 mol/mol)";0;"1970-01-02 00:00:00";"1970-01-02 00:00:00"
728;VU0155056;0;"1970-01-02 00:00:00";"1970-01-02 00:00:00"
729;VX-11e;0;"1970-01-02 00:00:00";"1970-01-02 00:00:00"
730;VX-680;0;"1970-01-02 00:00:00";"1970-01-02 00:00:00"
731;VX-702;0;"1970-01-02 00:00:00";"1970-01-02 00:00:00"
732;WAY-362450;0;"1970-01-02 00:00:00";"1970-01-02 00:00:00"
733;WH-4-023;0;"1970-01-02 00:00:00";"1970-01-02 00:00:00"
734;WP1130;0;"1970-01-02 00:00:00";"1970-01-02 00:00:00"
735;WZ-1-84;0;"1970-01-02 00:00:00";"1970-01-02 00:00:00"
736;WZ3105;0;"1970-01-02 00:00:00";"1970-01-02 00:00:00"
737;WZ4002;0;"1970-01-02 00:00:00";"1970-01-02 00:00:00"
738;WZ8040;0;"1970-01-02 00:00:00";"1970-01-02 00:00:00"
739;XAV-939;0;"1970-01-02 00:00:00";"1970-01-02 00:00:00"
740;XL-184;0;"1970-01-02 00:00:00";"1970-01-02 00:00:00"
741;XL765;0;"1970-01-02 00:00:00";"1970-01-02 00:00:00"
742;XMD11-85h;0;"1970-01-02 00:00:00";"1970-01-02 00:00:00"
743;XMD13-2;0;"1970-01-02 00:00:00";"1970-01-02 00:00:00"
744;XMD14-99;0;"1970-01-02 00:00:00";"1970-01-02 00:00:00"
745;XMD15-27;0;"1970-01-02 00:00:00";"1970-01-02 00:00:00"
746;XMD8-85;0;"1970-01-02 00:00:00";"1970-01-02 00:00:00"
747;XMD8-92;0;"1970-01-02 00:00:00";"1970-01-02 00:00:00"
748;XRP44X;0;"1970-01-02 00:00:00";"1970-01-02 00:00:00"
749;Y-39983;0;"1970-01-02 00:00:00";"1970-01-02 00:00:00"
750;"YK 4-279";0;"1970-01-02 00:00:00";"1970-01-02 00:00:00"
751;YL54;0;"1970-01-02 00:00:00";"1970-01-02 00:00:00"
752;YM-155;0;"1970-01-02 00:00:00";"1970-01-02 00:00:00"
753;YM201636;0;"1970-01-02 00:00:00";"1970-01-02 00:00:00"
754;Z-LLNle-CHO;0;"1970-01-02 00:00:00";"1970-01-02 00:00:00"
755;Zebularine;0;"1970-01-02 00:00:00";"1970-01-02 00:00:00"
756;ZG-10;0;"1970-01-02 00:00:00";"1970-01-02 00:00:00"
757;Zibotentan;0;"1970-01-02 00:00:00";"1970-01-02 00:00:00"
758;ZM-447439;0;"1970-01-02 00:00:00";"1970-01-02 00:00:00"
759;ZSTK474;0;"1970-01-02 00:00:00";"1970-01-02 00:00:00"
